ZFHX1B	ZNF227	0.47165
YY1	ZNF264	0.516705
CBX3	FOXF2	0.475931
ZNF227	ZNF43	0.681941
ZNF232	ZNF816a	-0.125141
TAF11	ZNF227	0.495369
TBX19	TNRC5	0.00155722
YY1	ZNF263	0.600476
GTF2F1	ZNF585A	0.513983
ELK4	ZNF91	-0.120266
ZNF295	ZNF302	0.638401
NFYA	YY1	-0.203559
ZNF227	ZNF271	0.218442
M-RIP	ZBTB1	-0.0258983
ZNF211	ZNF496	0.311227
TBX19	ZNF354C	-0.018859
RBBP5	TEAD1	-0.0451468
ZFHX1B	ZNF610	0.45728
ZFHX1B	ZNF611	0.395133
ZNF227	ZNF264	0.202189
GTF2F1	TNRC5	0.185223
ZNF227	ZNF263	0.401238
FOXF2	PKNOX1	0.094374
LDB1	ZNF91	-0.0139574
STAT2	ZNF83	0.172899
SATB1	ZNF585A	0.376918
TBX19	ZNF717	-0.0454803
BTBD15	ZNF131	0.555468
HPCAL1	YY1	0.52404
ELK4	ZNF777	0.18203
MAFK	ZNF610	0.121273
ZNF785	ZNF83	0.385291
YY1	ZNF271	0.402672
ZNF131	ZNF271	0.194571
ELK4	FOXF2	0.114426
MAFK	ZNF611	0.340097
SMARCA5	TBX19	0.246269
TAF11	ZNF232	0.566437
RFP2	ZNF211	0.468925
M-RIP	NFIC	0.199655
SATB1	ZBTB1	0.166588
HTLF	ZNF131	0.586045
ELK4	ZNF785	-0.00823965
FOSL2	TBX5	0.381272
AHR	NR2C2	0.00256433
HTLF	ZNF514	0.229131
FOSL2	ZNF432	-0.00972072
AHR	HPCAL1	0.119981
AHR	RFP2	-0.368824
ZNF211	ZNF473	0.277992
ZNF211	ZNF471	0.423357
HPCAL1	ZNF295	0.426914
ZNF23	ZNF496	0.570544
TCEAL1	ZBTB1	0.606661
YY1	ZNF295	0.608926
HTLF	STAT2	0.0786335
STAT2	ZNF91	0.381959
SMARCA5	ZNF717	-0.277077
GTF2E2	ZNF471	0.283447
M-RIP	PKNOX1	0.020362
HPCAL1	M-RIP	-0.0568184
M-RIP	RBBP5	0.215033
TAF11	ZNF211	-0.0685544
GTF2E2	ZNF473	0.394487
SMARCA5	ZNF713	-0.0154506
RBBP5	ZNF610	-0.126077
YY1	ZNF688	0.538302
CREB5	HTLF	0.0782742
NR2C2	TRIM14	0.0573805
NR2C2	TCEAL1	0.621718
ZNF131	ZNF295	0.614309
TNRC5	ZNF713	-0.0663858
BTBD15	TEAD1	0.116108
HPCAL1	NFYA	-0.301864
FOSL2	ZNF420	-0.0615497
TRIM14	ZNF573	0.138023
ZNF227	ZNF354C	-0.0503535
CBFA2T2	NR2C2	0.589828
SATB1	ZNF610	0.114298
HPCAL1	ZNF271	0.230608
OPTN	ZNF91	0.499864
CBX3	HTLF	-0.0239865
FOSL2	TFDP2	0.106481
NFYA	ZNF30	0.0911019
KLHL3	ZNF302	0.42018
CREB5	ZNF91	0.557791
M-RIP	ZNF227	-0.0508571
SATB1	ZNF611	0.407917
RBBP5	ZNF354C	0.0785094
GTF2E2	ZNF420	-0.000999084
CREB5	PGBD1	0.310595
ZNF131	ZNF585A	0.557091
TBX5	ZNF688	-0.217347
ZNF43	ZNF816a	-0.143039
ZFP1	ZNF302	0.279127
FOSL2	ZNF496	0.0556644
TNRC5	ZNF785	0.0308513
KLHL3	ZBTB1	0.457262
SATB1	ZNF227	0.0821494
NFYA	ZNF23	0.117382
ZNF131	ZNF232	0.652742
ZNF420	ZNF542	0.45774
ZNF264	ZNF514	0.503327
HPCAL1	ZNF263	0.593768
OPTN	ZNF83	0.343272
ZNF432	ZNF777	-0.0412294
TRIM14	ZNF354C	-0.320002
GTF2H1	TRIM14	-0.223817
GTF2H1	ZNF611	-0.00105664
HPCAL1	ZNF264	0.417347
HTLF	TEAD1	0.0305137
CREB5	ZNF83	0.154993
M-RIP	ZNF211	0.474141
CBFA2T2	STAT2	0.339594
ZNF227	ZNF295	0.606213
NR2C2	SMARCA5	0.623411
ZNF131	ZNF227	0.606361
AHR	ZNF688	0.0350595
KLHL3	ZNF717	-0.159752
TNRC5	ZNF777	-0.0301251
NFIC	ZNF302	-0.124293
SATB1	TEAD1	0.579636
TAF11	ZNF514	0.164823
ZNF30	ZNF713	0.53869
ZNF611	ZNF717	-0.0246906
CBFA2T2	ZNF420	0.604073
ZNF131	ZNF263	0.472032
ZNF432	ZNF785	0.396235
ZNF131	ZNF264	0.234524
CBX3	ZNF585A	-0.102228
NFYA	ZNF496	0.262139
GTF2H1	TRIM26	0.058749
ZNF785	ZNF91	0.398284
ZNF30	ZNF717	0.18768
CNOT3	ZNF131	0.572204
NR2C2	ZNF302	0.611408
CBX3	CNOT3	-0.00128917
CBFA2T2	SMARCA5	0.387384
TNRC5	ZNF767	-0.127469
FOSL2	ZNF471	0.462728
FOSL2	ZNF473	0.00773261
ZNF688	ZNF777	-0.0770173
ELK4	GTF2H1	0.582812
ZNF227	ZNF514	0.249582
CBX3	ZNF302	-0.117464
TBX19	ZNF585A	0.436889
GTF2E2	ZNF432	-0.00317343
HPCAL1	ZNF248	-0.0169045
ZNF473	ZNF514	-0.0420842
ZNF227	ZNF30	-0.000881736
ZNF688	ZNF785	0.239502
GTF2H1	ZNF354C	0.0847729
ELK4	ZNF767	0.441049
TCEAL1	ZFHX1B	0.56595
ZNF227	ZNF585A	0.595988
NR2C2	ZNF585A	0.588181
TBX19	ZNF295	0.445013
BTBD15	ZFP1	0.175664
KLHL3	NFYA	-0.230823
ZNF420	ZNF573	0.532737
GTF2F1	KLHL3	0.378239
GTF2H1	ZNF211	0.298281
M-RIP	SMARCA5	-0.0570686
ZNF131	ZNF248	-0.0287337
RBBP5	ZNF248	0.423426
ZNF688	ZNF713	-0.00336847
ZNF264	ZNF573	0.596991
ZNF688	ZNF717	-0.119779
SATB1	TAF11	0.017852
TEAD1	ZNF542	0.248774
KLHL3	NR2C2	0.47914
ZNF302	ZNF610	0.648544
TBX5	ZBTB1	-0.071149
PER3	PKNOX1	0.133767
ZNF131	ZNF816a	-0.213656
ZNF302	ZNF611	0.434557
RBBP5	ZNF688	-0.0723077
PKNOX1	ZNF585A	-0.0256828
AHR	ZNF248	-0.324551
MAFK	NFYA	-0.11347
ELK4	ZFHX1B	-0.0435914
TBX19	TFDP2	-0.108655
ZNF30	ZNF777	0.315216
M-RIP	ZNF264	-0.00528279
M-RIP	ZNF263	-0.053355
BTBD15	ZNF354C	-0.181306
ZNF43	ZNF514	0.29409
RFP2	ZNF688	-0.00866984
CBFA2T2	YY1	0.474063
SUPT4H1	TAF11	-0.0144747
CREB5	ELK4	-0.125253
NR2C2	ZNF83	0.658839
CBFA2T2	NFYA	-0.0939626
TRIM14	ZNF514	0.0593156
RBBP5	ZNF232	-0.112507
NFYA	TFDP2	0.435588
OPTN	ZNF610	0.412348
OPTN	ZNF611	0.436075
TRIM26	ZNF420	-0.317271
TCEAL1	ZNF717	-0.125024
ELK4	SUPT4H1	0.417532
OPTN	ZNF43	0.412439
FOXF2	TNRC5	-0.0705445
GTF2H1	ZNF248	0.326327
GTF2E2	GTF2H1	0.530073
HPCAL1	ZFP1	0.515028
ZNF248	ZNF542	-0.0498134
TEAD1	TRIM26	-0.460615
STAT2	ZNF23	-0.0135131
AHR	ZNF227	0.00785658
ZNF271	ZNF295	0.452754
TEAD1	ZNF514	0.613408
SATB1	ZFHX1B	0.44049
M-RIP	ZNF248	0.430123
ZNF420	ZNF514	0.501823
ELK4	GTF2E2	0.608482
RFP2	ZNF263	-0.00776915
ZNF611	ZNF91	0.441369
OPTN	ZNF30	-0.00998736
ZNF264	ZNF542	0.110559
CNOT3	ZFP1	0.446265
ZFHX1B	ZNF688	0.376836
HPCAL1	TRIM14	0.143715
BTBD15	SATB1	0.120196
TEAD1	TRIM14	0.00275555
ELK4	FOSL2	0.070652
AHR	ZNF816a	-0.239802
ZNF611	ZNF83	0.579199
FOSL2	YY1	-0.0612187
AHR	ZNF232	0.00259036
CBX3	FOSL2	0.345935
GTF2H1	ZNF263	-0.000972784
ZNF23	ZNF816a	0.21873
GTF2H1	ZNF264	-0.00851885
ZNF30	ZNF767	0.567474
ZNF131	ZNF211	-0.0194626
TAF11	ZNF295	0.57279
M-RIP	ZNF232	-0.0240787
KLHL3	YY1	0.425074
OPTN	YY1	0.401049
ZNF473	ZNF573	-0.0588398
YY1	ZNF227	0.470412
TCEAL1	ZNF302	0.594611
STAT2	ZNF43	0.0679921
ZNF227	ZNF816a	-0.174778
AHR	ZNF611	0.00176039
HTLF	KLHL3	0.247113
AHR	ZNF610	0.00722578
MAFK	RBBP5	-0.0302951
GTF2H1	ZNF271	-0.0115826
ZNF471	ZNF816a	0.463024
SATB1	TFDP2	-0.221962
FOXF2	TRIM14	-0.00667531
TAF11	ZNF263	0.527525
HTLF	ZNF573	0.272276
TAF11	ZNF264	0.256578
PGBD1	TCEAL1	0.614774
ZNF131	ZNF713	-0.0235294
HPCAL1	TRIM26	-0.149045
RFP2	ZNF248	0.619649
ZNF131	ZNF717	-0.174676
FOXF2	SATB1	-0.00290822
RBBP5	ZNF271	-0.00227219
HPCAL1	TBX5	-0.192253
CREB5	ZNF496	-0.032751
STAT2	ZNF30	-0.00540174
NFYA	ZBTB1	-0.0199922
OPTN	TFDP2	-0.0662028
CNOT3	ZBTB1	0.61289
M-RIP	ZNF295	-0.0233208
TAF11	ZNF271	0.146162
ZNF43	ZNF542	0.549343
BTBD15	ZNF573	0.373357
PER3	ZNF514	-0.0637376
ELK4	MAFK	-0.184015
CBX3	PGBD1	-0.0113603
FOSL2	HTLF	-0.171452
AHR	ZNF211	-0.545703
OPTN	ZNF514	0.577987
YY1	ZNF232	0.507895
TNRC5	ZNF302	0.0867389
GTF2E2	ZNF496	0.502283
CBX3	RBBP5	0.566402
ZNF227	ZNF248	-0.0139973
ZNF585A	ZNF777	-0.10688
TCEAL1	TFDP2	-0.0390697
ZNF43	ZNF573	0.293567
NFYA	ZNF91	-0.0692558
FOXF2	TRIM26	0.0133888
HPCAL1	SATB1	0.157918
PKNOX1	ZNF573	-0.0457339
NR2C2	ZNF91	0.322372
NFIC	ZNF767	0.303076
TAF11	ZNF248	-0.0516798
FOXF2	MAFK	-0.0414061
PER3	RFP2	0.191867
CREB5	HPCAL1	0.103201
TRIM26	ZNF432	-0.193008
RFP2	ZNF227	-0.015116
AHR	NFYA	-0.19156
ZNF420	ZNF585A	0.635462
ZNF302	ZNF688	0.601898
CBFA2T2	GTF2F1	0.4706
TEAD1	ZNF573	0.487783
ZNF585A	ZNF785	0.40511
CREB5	ZNF471	-0.000835486
GTF2F1	HTLF	0.666795
CREB5	ZNF473	-0.0623408
RBBP5	ZNF295	-0.0227732
LDB1	RFP2	0.517649
PER3	ZBTB1	-0.0436741
NFYA	ZNF83	-0.0151199
ZNF227	ZNF232	0.692085
NR2C2	ZNF785	0.5048
AHR	ZFP1	0.0390075
NFYA	ZNF816a	0.00127914
NR2C2	ZNF777	-0.0175503
HTLF	ZNF542	0.280603
CRSP9	KLHL3	-0.00862634
KLHL3	MAFK	0.631275
LDB1	NFYA	0.0452299
FOXF2	NFIC	0.599766
SATB1	ZNF688	0.0650439
CRSP9	ZNF573	-0.00207963
NFIC	ZNF777	0.520781
CREB5	OPTN	0.59381
ZNF432	ZNF717	-0.104886
ZNF573	ZNF91	0.555629
TAF11	TNRC5	0.303186
SMARCA5	ZNF302	0.641885
STAT2	ZNF420	0.334877
PKNOX1	ZNF542	-0.0139506
NFYA	SATB1	-0.330966
ZNF248	ZNF473	0.206829
FOSL2	SUPT4H1	0.376776
NFYA	ZNF514	-0.225518
CREB5	ZNF573	0.553572
CRSP9	ZNF30	0.563198
YY1	ZNF785	0.503226
OPTN	ZNF573	0.502964
BTBD15	ZNF542	0.397042
M-RIP	NFYA	0.00593722
AHR	ZBTB1	0.00320063
TRIM26	ZNF496	0.0453161
BTBD15	M-RIP	-0.056132
PER3	ZNF542	-0.355086
GTF2F1	ZNF514	0.370156
STAT2	ZNF432	0.224626
CREB5	ZFHX1B	0.506391
M-RIP	ZNF542	-0.0428394
RFP2	ZNF610	-0.000961046
OPTN	TCEAL1	0.566215
CBFA2T2	TBX19	0.503954
ZNF263	ZNF43	0.430513
LDB1	ZNF473	0.263037
CBFA2T2	GTF2E2	-0.0366915
CRSP9	ZNF23	0.58229
LDB1	ZNF471	0.596312
ZNF131	ZNF767	-0.00934773
TEAD1	ZNF354C	-0.00994238
CNOT3	TRIM26	-0.169978
FOSL2	ZNF816a	0.582522
ZNF248	ZNF816a	0.456237
ZNF248	ZNF496	0.307749
ZNF232	ZNF573	0.334911
STAT2	TAF11	0.038797
NFIC	SATB1	-0.0092643
CBX3	SMARCA5	-0.140373
CREB5	SMARCA5	0.188561
TBX5	ZNF23	0.0952436
OPTN	ZNF420	0.529684
MAFK	OPTN	0.592521
ZNF302	ZNF91	0.241817
GTF2H1	RBBP5	0.169824
ZNF131	ZNF777	-0.11198
CNOT3	TRIM14	0.123874
GTF2E2	TBX19	-0.0874974
TRIM26	ZNF471	0.0249878
GTF2E2	RFP2	0.168124
CREB5	PKNOX1	-0.163569
CNOT3	STAT2	0.295497
TRIM26	ZNF473	0.0246769
TRIM14	YY1	0.114372
ZNF573	ZNF688	0.303458
CBFA2T2	TEAD1	0.307502
CNOT3	ZNF542	0.279476
RBBP5	ZNF302	-0.0843594
OPTN	ZNF542	0.484826
ZNF302	ZNF83	0.50345
OPTN	ZNF432	0.46736
ZNF131	ZNF785	0.160875
AHR	ZNF295	0.00337749
HTLF	ZNF354C	-0.0678085
NFIC	ZNF717	0.406048
ZNF816a	ZNF83	-0.00823942
NFIC	ZNF713	0.447644
ZNF263	ZNF91	0.132095
PER3	SUPT4H1	0.342543
CNOT3	ZNF514	0.357966
ZBTB1	ZNF688	0.513747
M-RIP	ZNF573	-0.00110456
SUPT4H1	ZNF777	0.478663
BTBD15	FOXF2	-0.120344
GTF2E2	LDB1	0.373681
PGBD1	ZNF611	0.585014
NR2C2	ZNF43	0.610327
PGBD1	ZNF610	0.628228
ZNF271	ZNF585A	0.474389
ZNF271	ZNF717	-0.128546
FOXF2	ZNF611	-0.0111926
PKNOX1	ZNF514	-0.0859774
FOXF2	ZNF610	-0.17774
OPTN	ZNF496	-0.00231054
ZNF295	ZNF816a	-0.0704812
AHR	PER3	-0.0101206
ZNF585A	ZNF713	-0.00618678
CNOT3	SMARCA5	0.560743
ELK4	TCEAL1	-0.00395261
CREB5	ZNF542	0.247427
ZNF585A	ZNF717	-0.308391
CBX3	ZFHX1B	-0.107685
ZNF263	ZNF83	0.480293
NFIC	TNRC5	-0.0462194
CREB5	KLHL3	0.652653
SUPT4H1	ZFP1	-0.00113536
HPCAL1	ZNF785	0.3242
TCEAL1	ZNF777	-0.0200506
CREB5	TCEAL1	0.448919
KLHL3	TRIM14	0.0613238
HTLF	YY1	0.567559
ZNF271	ZNF302	0.377951
NR2C2	STAT2	0.306399
BTBD15	ZNF514	0.333672
PER3	ZNF573	-0.0218317
KLHL3	NFIC	-0.0284906
STAT2	TEAD1	0.33746
CRSP9	ZNF611	-0.000957382
CREB5	ZNF514	0.640926
BTBD15	TCEAL1	0.581991
TBX19	ZNF688	0.205879
GTF2H1	PKNOX1	0.545612
KLHL3	TRIM26	-0.472551
ZNF248	ZNF471	0.630191
KLHL3	TBX19	0.629657
ZNF43	ZNF610	0.677055
CRSP9	TEAD1	-0.079207
ZNF43	ZNF611	0.391057
AHR	ZNF263	0.075636
HPCAL1	ZNF767	-0.00109938
PER3	ZNF585A	-0.0939159
TCEAL1	ZNF785	0.518697
AHR	ZNF264	0.0355039
BTBD15	YY1	0.548031
AHR	TBX5	-0.445315
ZNF302	ZNF43	0.650109
LDB1	ZNF496	0.384708
OPTN	ZNF473	-0.00524082
SUPT4H1	ZNF767	0.622206
MAFK	PER3	-0.120274
ZNF302	ZNF713	-0.00870761
ZNF232	ZNF542	0.588182
ZNF302	ZNF717	-0.299388
CBX3	TRIM26	0.0662556
CRSP9	ELK4	0.600779
TBX5	ZNF83	-0.134563
TBX19	ZNF271	0.63503
SATB1	ZNF131	0.0558471
ZFHX1B	ZNF295	0.542437
SMARCA5	ZNF777	-0.151291
HTLF	RFP2	-0.0298184
FOSL2	ZNF23	0.220897
MAFK	ZNF573	0.498956
ZNF131	ZNF83	0.381339
CNOT3	TFDP2	-0.13395
CBFA2T2	ZNF432	0.512103
CREB5	ZNF43	0.166904
FOSL2	TRIM14	-0.0550943
CREB5	TAF11	0.0400208
ZNF471	ZNF688	-0.000943956
ZNF263	ZNF542	0.19083
TAF11	ZNF542	0.247993
SMARCA5	ZNF785	0.270927
RFP2	TNRC5	-0.321358
ZNF610	ZNF83	0.509548
STAT2	ZFP1	0.372112
TBX19	ZNF264	0.54097
HTLF	SUPT4H1	-0.00088281
TBX19	ZNF263	0.357693
CREB5	ZNF585A	0.44213
M-RIP	TCEAL1	-0.00612882
ZNF227	ZNF542	0.494605
YY1	ZNF717	-0.0310141
ZNF496	ZNF611	-0.00729342
ZNF232	ZNF514	0.348193
CRSP9	STAT2	-0.0786704
ZNF717	ZNF91	-0.086292
ZNF432	ZNF688	0.513167
FOSL2	ZNF30	0.172119
ZNF263	ZNF573	0.418177
GTF2E2	SATB1	-0.195527
PER3	ZNF131	-0.0750375
ZFHX1B	ZNF271	0.496926
CNOT3	HPCAL1	0.568094
ZNF295	ZNF585A	0.614487
ELK4	ZNF354C	0.0449014
CREB5	SUPT4H1	-0.009849
AHR	TFDP2	-0.139531
OPTN	ZNF354C	-0.00170751
GTF2E2	ZNF514	-0.137842
ZNF573	ZNF611	0.591645
CREB5	ZNF23	-0.0187774
FOSL2	ZNF43	-0.12994
ZNF573	ZNF610	0.295897
ZNF717	ZNF83	-0.0150026
FOSL2	NR2C2	-0.0479906
ZNF131	ZNF91	0.0164945
CBX3	ELK4	0.210672
HPCAL1	PKNOX1	-0.0335386
GTF2E2	SUPT4H1	0.377305
TAF11	TRIM14	0.0507576
SMARCA5	TCEAL1	0.563557
CRSP9	ZNF91	-0.0467751
GTF2F1	ZNF573	0.434231
NFYA	ZNF573	-0.303325
YY1	ZBTB1	0.551513
CREB5	ZNF30	-0.0438557
FOSL2	TRIM26	0.0257921
TEAD1	ZNF131	0.0619842
FOXF2	SMARCA5	-0.175957
ZNF717	ZNF767	0.200808
AHR	PKNOX1	-0.0797833
CBFA2T2	ZNF354C	-0.107648
GTF2H1	M-RIP	0.0737124
TBX5	ZNF610	-0.162207
TRIM26	ZBTB1	-0.0309422
TBX5	ZNF611	-0.0738445
TAF11	TRIM26	-0.103426
ZFP1	ZNF271	0.291826
TBX5	ZNF43	-0.162647
PKNOX1	TEAD1	-0.200897
NFIC	SMARCA5	-0.17404
ZNF131	ZNF43	0.65024
CBFA2T2	ZNF473	-0.0268475
SUPT4H1	ZNF302	-0.00098277
HPCAL1	ZNF717	-0.00612721
FOXF2	ZNF688	-0.130369
TBX19	ZNF232	0.270654
ZNF43	ZNF91	0.108895
TRIM14	ZNF131	0.0100275
GTF2F1	ZNF542	0.310435
ZNF227	ZNF573	0.234202
HPCAL1	ZNF302	0.330571
TNRC5	ZNF23	-0.0869887
FOXF2	ZNF131	-0.122208
GTF2E2	ZFHX1B	-0.0946977
MAFK	ZNF131	0.050386
TFDP2	ZNF420	-0.0462906
ZFHX1B	ZNF264	0.313129
ZFP1	ZNF263	0.486626
ZFP1	ZNF264	0.4145
ZFHX1B	ZNF263	0.290545
ZNF248	ZNF354C	0.206291
FOSL2	ZNF83	-0.00465199
ZNF23	ZNF471	0.511524
TBX5	ZNF30	0.0414522
PGBD1	ZNF688	0.65028
SMARCA5	TBX5	-0.181337
GTF2E2	M-RIP	0.00824793
NR2C2	TRIM26	-0.272233
M-RIP	TNRC5	-0.501543
ZNF23	ZNF473	0.459022
MAFK	SATB1	0.591334
ZNF43	ZNF83	0.506922
ZBTB1	ZNF611	0.62926
TBX19	ZNF227	0.155461
ZNF717	ZNF777	0.46336
ZBTB1	ZNF610	0.50749
SATB1	ZFP1	0.312032
ZFP1	ZNF295	0.343923
ZFHX1B	ZNF232	0.519706
ZNF263	ZNF816a	-0.0778086
KLHL3	ZNF777	-0.0168024
TAF11	ZNF573	0.205127
BTBD15	CBFA2T2	0.414613
ZNF610	ZNF91	0.109927
ZNF271	ZNF777	-0.00989517
TCEAL1	ZNF585A	0.601616
ZNF514	ZNF91	0.615084
FOSL2	M-RIP	0.409659
TBX19	ZFP1	0.332252
TRIM14	ZNF585A	0.00424234
CBFA2T2	ZNF496	-0.00218551
CNOT3	ZNF573	0.428287
LDB1	ZNF542	-0.0731441
FOSL2	SMARCA5	-0.12987
ZNF717	ZNF785	-0.00181476
LDB1	SUPT4H1	0.642643
ZNF611	ZNF785	0.637334
ZNF271	ZNF785	0.577286
ZNF514	ZNF83	0.370595
TBX19	ZNF610	0.208722
TBX19	ZNF611	0.561833
FOSL2	ZNF354C	0.13276
ZNF471	ZNF610	-0.000984577
ZNF263	ZNF514	0.333127
CBX3	TNRC5	-0.0297119
KLHL3	ZNF785	0.572167
MAFK	ZNF542	0.219156
BTBD15	TBX19	0.265392
OPTN	TBX19	0.496114
ZNF471	ZNF496	0.332647
BTBD15	ZNF585A	0.571997
CBX3	GTF2F1	-0.00134845
NFYA	PGBD1	-0.113943
PGBD1	ZNF227	0.58526
SUPT4H1	TRIM26	0.0396333
CNOT3	ZNF295	0.624588
ZFP1	ZNF248	-0.0023029
TNRC5	ZNF432	0.0794486
BTBD15	ZNF271	0.314427
PER3	TCEAL1	-0.028931
YY1	ZFHX1B	0.407183
TRIM14	ZNF688	0.0413071
CBFA2T2	CREB5	0.395595
YY1	ZNF573	0.462653
ZFHX1B	ZNF717	-0.345772
ZFHX1B	ZNF713	-0.0109553
SMARCA5	TAF11	0.612216
TBX5	YY1	-0.148415
FOSL2	ZNF302	-0.0902784
PGBD1	ZNF232	0.625321
GTF2F1	SATB1	0.213212
TCEAL1	ZNF271	0.522648
CBFA2T2	PGBD1	0.557607
FOSL2	OPTN	-0.0143342
HTLF	RBBP5	-0.0155674
SUPT4H1	TRIM14	-0.0575626
NFIC	ZNF91	-0.0881626
TEAD1	ZBTB1	0.118465
KLHL3	ZNF473	-0.0437486
ZNF263	ZNF610	0.43518
CBFA2T2	SATB1	0.348255
KLHL3	SMARCA5	0.327094
SMARCA5	ZFP1	0.223271
ELK4	ZNF271	-0.0729892
PGBD1	ZNF585A	0.587473
TRIM26	ZNF23	0.0378883
PKNOX1	ZFP1	-0.0609725
NFIC	ZNF471	0.3229
NFIC	ZNF473	0.0316692
CNOT3	ZNF271	0.35099
CBX3	GTF2H1	0.167004
HPCAL1	ZNF816a	-0.111267
ZFP1	ZNF227	0.189106
LDB1	TRIM26	0.0397866
M-RIP	ZNF302	-0.0129116
GTF2E2	ZNF585A	-0.0367826
SATB1	ZNF302	0.266988
RBBP5	ZNF717	0.426573
MAFK	ZNF717	-0.225769
GTF2E2	ZNF91	-0.177569
CNOT3	ZNF264	0.507242
CBX3	OPTN	-0.0738186
ZNF471	ZNF91	-0.00202483
FOXF2	ZNF211	0.106925
HPCAL1	ZNF354C	-0.00342437
NFIC	ZNF83	-0.0723862
HPCAL1	STAT2	0.27705
CRSP9	PKNOX1	0.565085
ZNF43	ZNF471	-0.00108844
ELK4	ZNF264	-0.00191161
ZNF354C	ZNF777	0.0335494
TFDP2	ZNF227	-0.0285329
FOSL2	LDB1	0.380277
YY1	ZNF542	0.295019
ZNF432	ZNF91	0.313299
BTBD15	CBX3	-0.0631347
LDB1	TRIM14	-0.0557816
CNOT3	ZNF263	0.644933
ZNF688	ZNF83	0.528674
TBX5	ZFP1	-0.0438016
ZNF30	ZNF354C	0.0668012
RBBP5	ZNF713	0.557729
HPCAL1	LDB1	-0.000959427
TCEAL1	ZNF295	0.619795
FOXF2	RBBP5	0.553162
ZNF354C	ZNF767	0.119628
HTLF	M-RIP	-0.0945194
ZNF496	ZNF816a	0.0549644
ZNF264	ZNF354C	-0.0645516
BTBD15	ZNF264	0.351541
ZFP1	ZNF232	0.236348
BTBD15	ZNF263	0.484856
TRIM26	ZNF585A	-0.4572
CRSP9	PER3	0.126781
TFDP2	ZNF211	0.0750112
TRIM14	ZFP1	0.065072
CBFA2T2	ZNF302	0.444485
SATB1	ZNF713	-0.014284
STAT2	TBX5	-0.00357336
PKNOX1	TRIM26	0.177099
NR2C2	ZNF420	0.704138
SATB1	ZNF717	-0.15953
BTBD15	TRIM14	0.0331009
ELK4	ZNF816a	0.0756051
TNRC5	ZNF471	-0.22779
CBFA2T2	OPTN	0.494453
TNRC5	ZNF473	-0.0798949
ZNF420	ZNF432	0.692205
HPCAL1	ZNF131	0.35268
ELK4	ZNF248	0.299998
LDB1	ZFHX1B	-0.00211856
ZNF354C	ZNF717	0.00187496
BTBD15	HPCAL1	0.291905
TFDP2	ZNF248	0.123103
TBX5	ZFHX1B	-0.00953635
BTBD15	ZNF232	0.61585
ZNF354C	ZNF713	0.0729963
FOSL2	PER3	0.18523
CNOT3	TBX5	-0.202733
MAFK	ZNF713	-0.0408213
BTBD15	TRIM26	-0.130531
TCEAL1	ZNF232	0.579786
ZNF542	ZNF573	0.227345
GTF2H1	ZNF717	0.065369
CBX3	ZNF420	-0.0313803
ZNF264	ZNF610	0.264259
GTF2H1	ZNF713	0.363
ZNF264	ZNF611	0.604524
TAF11	ZNF611	0.330475
AHR	ZNF785	0.0191384
KLHL3	ZNF432	0.477343
BTBD15	PGBD1	0.664751
TAF11	ZNF610	0.570533
ZFP1	ZNF211	-0.00345393
CNOT3	ZNF232	0.533309
TFDP2	ZNF232	-0.0235829
GTF2H1	NFYA	0.238818
ZNF211	ZNF354C	0.4208
TAF11	ZFP1	0.279382
SMARCA5	STAT2	0.0971339
TNRC5	ZNF496	-0.0609883
GTF2F1	ZNF83	0.600951
TCEAL1	ZNF264	0.522266
CREB5	TEAD1	0.647046
TCEAL1	ZNF263	0.520424
SUPT4H1	TFDP2	0.133628
TNRC5	ZBTB1	0.066803
CREB5	ZNF131	0.0931142
GTF2E2	ZNF302	-0.00692624
MAFK	ZFP1	0.119496
ZNF471	ZNF473	0.226441
ZNF302	ZNF354C	-0.0421959
NFIC	ZNF432	-0.0754887
KLHL3	ZNF420	0.508787
SMARCA5	ZNF816a	-0.143394
PER3	YY1	-0.00129256
NFYA	ZFHX1B	-0.076883
ELK4	ZNF611	-0.00439469
BTBD15	ZNF211	-0.00556882
CNOT3	ZNF227	0.512102
CBFA2T2	ZNF585A	0.514492
CBFA2T2	HTLF	0.234501
TFDP2	ZNF264	-0.162475
ZFHX1B	ZNF302	0.570954
TFDP2	ZNF263	-0.233284
ZNF473	ZNF611	-0.0426658
NR2C2	ZNF432	0.663749
GTF2F1	ZNF91	0.173322
BTBD15	CNOT3	0.60191
SUPT4H1	ZNF354C	0.105005
BTBD15	ZNF227	0.554663
NFIC	ZNF420	-0.0412819
ELK4	ZNF211	0.199632
CNOT3	ZNF211	-0.00526775
MAFK	STAT2	0.359186
HTLF	TCEAL1	0.526335
SMARCA5	ZNF610	0.705484
AHR	SUPT4H1	-0.176943
TBX5	ZNF573	-0.0089901
SMARCA5	ZNF611	0.414969
GTF2H1	TBX19	-0.0074103
CRSP9	TBX19	-0.00721024
NFIC	RBBP5	0.588184
ZFP1	ZNF43	0.2026
CRSP9	ZFHX1B	-0.00559231
ELK4	HPCAL1	-0.00336029
LDB1	TAF11	-0.0116768
CRSP9	ZFP1	-0.0265458
PKNOX1	ZNF496	0.517529
STAT2	ZNF496	-0.0952702
M-RIP	TAF11	-0.166553
HTLF	ZNF471	-0.0106151
TEAD1	ZNF91	0.543656
SUPT4H1	ZNF717	0.24767
HTLF	ZFHX1B	0.355021
CNOT3	RFP2	-0.00210663
MAFK	TEAD1	0.645406
SUPT4H1	ZNF713	0.629601
TFDP2	ZFP1	-0.356247
TCEAL1	ZFP1	0.346352
TEAD1	ZNF83	0.0845629
TRIM14	ZNF611	0.149935
RBBP5	ZNF131	-0.091454
BTBD15	ZFHX1B	0.403733
KLHL3	SATB1	0.611472
TRIM14	ZNF610	0.00788182
FOSL2	HPCAL1	-0.128458
TCEAL1	ZNF610	0.554791
TCEAL1	ZNF611	0.576142
CBFA2T2	TNRC5	0.022115
TFDP2	ZNF688	-0.00421188
OPTN	TRIM26	-0.563734
RBBP5	TNRC5	-0.0531835
SATB1	ZNF767	-0.00924247
CRSP9	ZNF496	0.661475
ELK4	STAT2	-0.0615704
TFDP2	ZNF271	-0.0759644
TEAD1	ZNF420	0.290789
TCEAL1	ZNF227	0.520226
CBX3	SATB1	-0.0168938
TCEAL1	TNRC5	0.0688332
AHR	ZNF777	-0.0387071
ZNF227	ZNF302	0.660258
ZNF264	ZNF688	0.302162
CBX3	ZNF432	-0.0376879
ZNF43	ZNF585A	0.60217
ZNF514	ZNF585A	0.504303
GTF2E2	PER3	0.153937
OPTN	ZNF713	-0.00796786
SATB1	ZNF777	-0.0116339
GTF2F1	ZNF43	0.574073
OPTN	ZNF717	-0.297023
LDB1	PKNOX1	0.401282
TEAD1	ZNF432	0.246385
AHR	ZNF767	-0.224342
RFP2	SMARCA5	-0.00119758
SATB1	ZNF785	0.400077
NFIC	TCEAL1	-0.0230876
CBFA2T2	ZNF717	-0.0352124
TRIM26	ZNF302	-0.379931
PGBD1	ZNF91	0.274104
TFDP2	ZNF295	-0.0392314
TNRC5	ZNF585A	0.0404986
PKNOX1	TRIM14	-0.0737578
NR2C2	ZNF473	-0.00225668
CNOT3	TBX19	0.383075
NFIC	ZBTB1	-0.0335059
RFP2	ZFP1	-0.002284
NFIC	ZNF496	0.0671365
TFDP2	ZNF816a	0.0935232
KLHL3	TEAD1	0.62264
CBFA2T2	ZNF91	0.425126
AHR	ZNF302	0.00108898
ZNF131	ZNF611	0.339514
HTLF	ZNF432	0.438017
ZNF432	ZNF83	0.57903
ZNF131	ZNF302	0.624935
CBX3	ZNF496	0.14209
ZNF688	ZNF91	0.089678
FOSL2	FOXF2	0.297155
TBX19	TCEAL1	0.517669
PGBD1	ZNF83	0.644059
AHR	ZNF713	-0.118269
CBFA2T2	ZNF83	0.426751
CBX3	RFP2	0.331321
ZNF354C	ZNF785	-0.0728202
ZBTB1	ZNF585A	0.532851
TEAD1	ZNF43	0.141269
ZNF131	ZNF610	0.64729
TFDP2	ZNF30	0.116079
GTF2H1	SATB1	-0.0538765
CBFA2T2	ZNF785	0.501587
GTF2F1	TEAD1	0.12804
YY1	ZNF131	0.515603
TFDP2	ZNF23	0.14693
RBBP5	ZNF777	0.602121
PER3	ZNF611	-0.0176159
PER3	ZNF610	-0.147673
HTLF	ZNF420	0.656536
TAF11	ZNF131	0.603846
HPCAL1	ZBTB1	0.174041
ZFP1	ZNF23	-0.00207405
RFP2	ZNF777	0.332081
ZFHX1B	ZNF777	-0.10961
ZNF514	ZNF542	0.314475
TEAD1	ZNF30	-0.0912623
ZNF271	ZNF91	0.618944
GTF2E2	ZNF777	0.143494
BTBD15	ZNF295	0.653754
CBX3	ZBTB1	-0.00537571
ZNF302	ZNF777	-0.122918
TFDP2	ZNF43	-0.0123558
CBX3	ZNF473	0.0500844
CBX3	ZNF471	0.431762
CREB5	TRIM26	-0.5343
RBBP5	ZNF767	0.440566
STAT2	ZNF473	-0.176517
ZNF43	ZNF432	0.515922
PKNOX1	ZNF471	0.319403
PKNOX1	ZNF473	0.41016
ELK4	PKNOX1	0.589404
CBFA2T2	TCEAL1	0.576858
KLHL3	ZNF496	-0.00824165
RFP2	ZNF767	0.535222
GTF2E2	ZNF785	-0.016253
RBBP5	SATB1	-0.00122126
CNOT3	ZNF585A	0.503562
TEAD1	ZNF473	-0.0830254
CRSP9	SUPT4H1	0.420841
OPTN	ZNF777	-0.0768641
TEAD1	ZNF23	-0.0548201
TEAD1	ZNF471	-0.0112671
ZNF271	ZNF83	0.359799
ZNF302	ZNF785	0.327096
TNRC5	ZNF420	0.13017
CRSP9	ZNF471	0.356338
CREB5	TRIM14	0.0179884
CRSP9	ZNF473	0.580665
CBX3	GTF2E2	0.168935
HPCAL1	TBX19	0.272994
HPCAL1	TFDP2	-0.420349
ZFHX1B	ZNF785	0.310874
CREB5	FOXF2	-0.011181
ZNF496	ZNF785	-0.0214304
ZBTB1	ZNF785	0.42539
CNOT3	NFYA	-0.172051
M-RIP	PER3	0.13871
ZNF610	ZNF785	0.224098
ZBTB1	ZNF30	-0.000920897
PER3	SMARCA5	-0.143893
MAFK	SMARCA5	0.139558
FOXF2	HTLF	-0.023802
FOXF2	TEAD1	-0.0613033
OPTN	ZNF302	0.512174
TEAD1	ZNF496	-0.0728037
ZNF271	ZNF610	0.265318
ZNF23	ZNF777	0.309018
ZNF271	ZNF611	0.52987
ELK4	ZBTB1	-0.00102467
STAT2	ZNF514	0.517647
CBFA2T2	ZNF43	0.333202
MAFK	ZNF227	0.0908033
STAT2	ZNF585A	0.282204
AHR	PGBD1	0.00417338
CRSP9	ZNF542	-0.000855635
GTF2E2	ZFP1	-0.0146145
TFDP2	ZNF717	0.0450409
GTF2F1	ZNF610	0.579021
GTF2F1	ZNF611	0.536553
TFDP2	ZNF713	0.112116
BTBD15	ZNF688	0.618619
SUPT4H1	ZNF688	-0.00086853
TAF11	ZNF354C	-0.0989053
MAFK	ZNF232	0.206789
HPCAL1	ZNF688	0.307539
NFIC	PGBD1	-0.0174105
CREB5	ZNF688	0.099528
ZNF23	ZNF767	0.594773
RFP2	ZNF713	0.464159
FOSL2	TAF11	-0.24476
SMARCA5	ZBTB1	0.577507
CREB5	SATB1	0.606282
BTBD15	TBX5	-0.169871
BTBD15	TNRC5	0.149273
NFYA	OPTN	-0.110516
STAT2	ZNF542	0.0396614
RFP2	ZNF717	0.128923
FOSL2	NFYA	0.00581764
CNOT3	TAF11	0.603335
MAFK	NR2C2	0.267632
AHR	TNRC5	0.485332
MAFK	ZNF91	0.54263
CBFA2T2	HPCAL1	0.143121
TCEAL1	ZNF688	0.551034
ZNF211	ZNF816a	0.274104
CNOT3	ZNF688	0.604952
TBX19	ZNF302	0.342053
FOSL2	TCEAL1	-0.0238357
ZBTB1	ZNF777	-0.00602862
TNRC5	ZFHX1B	0.0032781
OPTN	ZNF688	0.347999
TAF11	TEAD1	0.0120657
ZBTB1	ZFP1	0.0812855
FOXF2	ZBTB1	-0.0395434
M-RIP	ZNF420	-0.0245388
MAFK	ZNF83	0.0831617
TBX5	ZNF354C	0.42297
ELK4	TEAD1	-0.184507
NFIC	TFDP2	0.00176767
GTF2F1	ZFP1	0.445696
NR2C2	OPTN	0.491648
ZNF131	ZNF688	0.564948
TFDP2	ZNF767	0.139127
CNOT3	ZNF611	0.529696
CNOT3	ZNF610	0.552299
SUPT4H1	ZNF248	0.568258
SMARCA5	ZNF248	-0.00096956
PER3	ZNF211	0.0571159
M-RIP	ZNF432	-0.0211152
PGBD1	ZNF514	0.453528
NFYA	TBX19	-0.32946
RBBP5	ZNF211	0.146767
MAFK	ZBTB1	0.114178
CRSP9	FOSL2	0.0798218
SUPT4H1	ZNF232	-0.00236598
SMARCA5	ZNF232	0.670788
ZFP1	ZNF91	0.0263256
PER3	ZNF688	-0.100442
CNOT3	MAFK	0.115594
OPTN	ZBTB1	0.379806
RBBP5	ZNF227	-0.139628
ZFP1	ZNF83	0.0897561
ZNF232	ZNF420	0.66618
GTF2E2	PKNOX1	0.5653
HPCAL1	PGBD1	0.484188
CRSP9	RFP2	0.284556
BTBD15	ZNF611	0.492044
GTF2E2	KLHL3	-0.139612
OPTN	PGBD1	0.476754
BTBD15	ZNF610	0.609269
HTLF	ZNF91	0.0199983
TFDP2	ZNF785	-0.0857367
FOSL2	RFP2	0.452602
ZNF496	ZNF767	0.429183
ZNF232	ZNF432	0.553564
SMARCA5	ZNF227	0.708699
PER3	ZNF232	-0.132892
CRSP9	ZNF514	-0.00948961
RBBP5	ZBTB1	-0.00884231
HTLF	PER3	-0.00635133
CRSP9	M-RIP	0.0780671
TFDP2	ZNF777	0.0420347
ZBTB1	ZNF43	0.503485
HTLF	ZNF83	0.388948
ZNF496	ZNF777	0.120013
SMARCA5	ZNF211	-0.00120081
CBFA2T2	ZNF30	-0.00102861
PER3	TEAD1	-0.140735
PER3	ZNF227	-0.143606
STAT2	SUPT4H1	-0.000838923
M-RIP	ZNF473	0.0559084
KLHL3	RBBP5	-0.00674769
M-RIP	ZNF471	0.408698
ZNF23	ZNF354C	0.124185
SATB1	ZNF232	0.188504
HPCAL1	ZNF611	0.352949
HPCAL1	ZNF610	0.305893
MAFK	ZNF585A	0.405092
ZNF471	ZNF542	-0.0560554
CNOT3	OPTN	0.353619
ZNF263	ZNF688	0.491825
ZNF473	ZNF717	0.00470222
ZNF264	ZNF271	0.53094
NFIC	PKNOX1	0.0977324
HTLF	TNRC5	0.238433
GTF2F1	ZNF688	0.627345
TRIM14	ZNF232	0.00144129
ZNF227	ZNF432	0.455482
KLHL3	PKNOX1	-0.0843627
ZNF473	ZNF713	0.222331
CBX3	ZNF777	0.565865
CRSP9	FOXF2	0.0824843
ELK4	ZNF713	0.38986
FOXF2	ZNF271	-0.00922448
TBX5	ZNF542	-0.0148144
ZNF777	ZNF83	-0.0182856
PER3	ZNF248	0.243491
SMARCA5	ZNF688	0.688938
ELK4	ZNF717	0.110069
GTF2E2	ZNF30	0.503029
PGBD1	ZNF542	0.398242
ELK4	ZNF23	0.570302
TEAD1	ZFP1	0.119527
NR2C2	ZBTB1	0.699239
YY1	ZNF610	0.506183
ZNF496	ZNF713	0.337302
YY1	ZNF611	0.533369
BTBD15	RBBP5	-0.0629395
CBX3	TCEAL1	-0.0193716
LDB1	ZNF610	-0.00200383
ZNF263	ZNF295	0.567799
CBFA2T2	ELK4	-0.0147236
AHR	GTF2H1	-0.213551
SMARCA5	ZNF271	0.282093
HPCAL1	ZNF211	-0.0345817
ZNF496	ZNF717	0.0449449
M-RIP	ZNF496	0.077266
AHR	GTF2E2	-0.0493911
CBX3	ZNF767	0.439724
FOXF2	ZNF514	-0.0178875
TBX19	ZNF785	0.565685
GTF2E2	ZNF23	0.507822
CREB5	ZNF610	0.166443
ZNF23	ZNF717	0.161839
HTLF	TBX19	0.188764
ZNF777	ZNF91	-0.0344071
SATB1	TRIM14	0.0748189
CREB5	ZNF611	0.409436
ZNF23	ZNF713	0.535035
PER3	TBX5	0.0517603
TCEAL1	TRIM14	0.0427003
SUPT4H1	ZNF227	-0.0155746
SMARCA5	ZNF263	0.46839
PER3	ZNF271	-0.050569
SMARCA5	ZNF264	0.307388
GTF2H1	ZNF777	0.14098
TRIM14	ZNF211	-0.401258
HPCAL1	ZNF227	0.250678
ZNF263	ZNF264	0.481331
GTF2F1	PER3	-0.00148411
CREB5	ZNF227	0.1295
ZNF264	ZNF295	0.495612
SATB1	ZNF263	0.201686
FOXF2	ZNF295	-0.0429701
MAFK	ZNF295	0.28422
SATB1	ZNF264	0.405875
SATB1	SMARCA5	0.135385
SATB1	TRIM26	-0.496525
HTLF	ZFP1	0.32527
GTF2F1	ZNF354C	-0.104851
ZNF263	ZNF271	0.337244
HTLF	ZNF43	0.585144
TCEAL1	TRIM26	-0.394972
HPCAL1	ZNF232	0.31975
OPTN	RBBP5	-0.047272
AHR	GTF2F1	0.0339231
NFYA	ZNF473	0.337804
PGBD1	ZNF354C	-0.104335
ZNF227	ZNF420	0.624597
SUPT4H1	ZNF211	0.309651
GTF2H1	ZNF767	0.452818
MAFK	ZNF688	0.0486631
NFYA	ZNF471	0.0423162
ZFHX1B	ZNF816a	-0.0472844
LDB1	ZNF23	0.573949
AHR	HTLF	0.0769754
FOXF2	ZNF227	-0.182881
MAFK	NFIC	-0.0551834
MAFK	ZNF30	-0.0913998
PER3	ZNF295	-0.0329691
AHR	CNOT3	0.0341967
GTF2H1	ZNF91	-0.0508176
MAFK	ZNF263	0.0886923
MAFK	ZNF264	0.285009
FOXF2	LDB1	0.35816
FOXF2	ZNF542	-0.350476
SATB1	ZNF271	0.620703
ZNF227	ZNF471	-0.0137157
CBX3	ZNF354C	0.0217121
NFYA	ZNF420	-0.105637
CREB5	LDB1	-0.00959532
HPCAL1	NR2C2	0.404914
NFIC	ZNF43	-0.187085
FOXF2	ZNF232	-0.159355
RFP2	TBX5	0.344719
ZNF211	ZNF542	-0.001034
TAF11	ZNF688	0.540012
AHR	NFIC	-0.0278066
LDB1	ZNF30	0.562256
BTBD15	NFIC	-0.110523
FOXF2	PER3	0.550792
TRIM26	ZFHX1B	-0.560751
MAFK	ZNF271	0.616001
MAFK	ZNF23	-0.0561435
TRIM14	ZNF271	0.093256
AHR	SATB1	0.00145349
GTF2F1	MAFK	0.127208
TRIM14	ZNF264	0.210266
GTF2H1	ZNF785	-0.00809456
TRIM14	ZNF263	0.158035
FOSL2	NFIC	0.279406
ELK4	KLHL3	-0.0705992
FOXF2	ZNF248	0.304804
MAFK	ZNF248	-0.00285243
LDB1	ZNF43	-0.00214259
NFIC	ZNF30	0.245492
CREB5	RBBP5	-0.00590407
ELK4	ZNF30	0.569177
ZNF542	ZNF816a	-0.156743
LDB1	TEAD1	-0.0351657
PGBD1	ZNF573	0.495819
SATB1	ZNF295	0.307167
ZBTB1	ZNF717	-0.00441332
NFYA	ZNF432	-0.0281227
PGBD1	TFDP2	-0.0641871
CBX3	ZNF713	0.54019
ZNF611	ZNF688	0.433688
NFYA	ZFP1	-0.322331
CBX3	ZNF717	0.457796
NFIC	ZNF23	0.217484
PGBD1	ZNF131	0.612594
AHR	SMARCA5	0.0102709
FOSL2	ZFP1	-0.0302723
HPCAL1	TNRC5	0.184863
PER3	ZFHX1B	-0.0968471
GTF2F1	OPTN	0.376397
YY1	ZNF354C	-0.0719498
GTF2H1	TFDP2	0.218589
NR2C2	TEAD1	0.270001
AHR	LDB1	-0.180522
ZNF271	ZNF688	0.243371
MAFK	ZNF43	0.123265
TBX5	ZNF585A	-0.061965
TFDP2	ZNF302	-0.0427197
SMARCA5	ZNF295	0.639621
KLHL3	TAF11	0.179048
TNRC5	ZNF354C	-0.338287
SMARCA5	YY1	0.517511
ZNF263	ZNF611	0.50341
TRIM14	ZNF248	-0.13759
PGBD1	SATB1	0.283007
M-RIP	PGBD1	-0.029076
TNRC5	ZNF295	0.119121
RFP2	ZNF496	0.259557
TRIM26	ZNF227	-0.219285
ZFP1	ZNF542	0.0617
TBX5	ZNF227	-0.14833
TEAD1	ZFHX1B	0.512798
YY1	ZNF473	-0.00477986
ZNF354C	ZNF611	-0.122178
ZNF354C	ZNF610	-0.103334
ELK4	ZFP1	-0.00824005
NFIC	NR2C2	-0.032025
TRIM26	ZNF610	-0.234426
TRIM26	ZNF611	-0.211031
TBX19	ZFHX1B	0.406779
PER3	RBBP5	0.517998
ZNF211	ZNF23	0.354618
TAF11	ZNF420	0.600843
GTF2H1	ZNF23	0.588886
TNRC5	ZFP1	0.0354918
GTF2F1	ZNF271	0.360379
GTF2H1	ZNF30	0.550305
TFDP2	ZNF131	-0.0739814
PER3	TAF11	-0.00776494
NFIC	ZNF542	-0.377244
OPTN	ZFP1	0.234865
CREB5	ZBTB1	0.195223
ELK4	ZNF573	-0.0372993
TBX5	ZNF232	-0.13058
RBBP5	TRIM26	0.0260366
M-RIP	TFDP2	0.0367978
CREB5	ZNF264	0.373173
CREB5	ZNF263	0.178407
ZNF131	ZNF471	-0.0268074
FOSL2	ZNF248	0.458932
ZNF295	ZNF573	0.49212
RFP2	ZNF354C	0.257041
TAF11	ZNF432	0.396974
ZNF777	ZNF816a	0.380757
LDB1	TNRC5	-0.106614
SATB1	ZNF91	0.493412
GTF2F1	ZNF264	0.507203
ZNF211	ZNF30	0.2406
GTF2F1	ZNF263	0.651044
FOXF2	TAF11	-0.0444552
RFP2	ZNF471	0.612174
HTLF	ZNF717	-0.0507999
RFP2	ZNF473	0.160593
HPCAL1	MAFK	0.0187729
HTLF	ZNF302	0.577627
FOSL2	ZNF232	-0.114054
CRSP9	OPTN	-0.00753176
NFIC	TAF11	-0.0319057
TAF11	ZNF717	-0.0515857
ZNF432	ZNF542	0.378165
SATB1	ZNF83	0.120791
CREB5	ZNF232	0.249711
ZNF227	ZNF767	-0.00591208
HTLF	ZNF713	-0.00226642
HPCAL1	ZNF496	-0.0242463
TBX5	ZNF473	0.0418814
PKNOX1	ZFHX1B	-0.0817851
ZFP1	ZNF585A	0.291356
ZFP1	ZNF573	0.329836
TBX5	ZNF211	0.388789
ZNF542	ZNF688	0.375771
AHR	ZNF420	0.00224506
TBX5	ZNF471	0.273221
ZNF420	ZNF717	-0.117894
ZNF295	ZNF688	0.635126
ELK4	SATB1	-0.121428
AHR	TAF11	0.126985
KLHL3	TCEAL1	0.545675
TBX19	ZNF131	0.152656
FOSL2	ZNF227	-0.157639
PER3	ZNF717	0.343421
KLHL3	PER3	-0.0648952
AHR	ZNF496	-0.240091
ZBTB1	ZNF91	0.202335
TAF11	ZBTB1	0.330809
FOSL2	ZNF211	0.288356
FOXF2	RFP2	0.266335
ZNF542	ZNF610	0.542847
ZNF354C	ZNF43	-0.102629
ZNF542	ZNF611	0.224022
TBX5	ZNF264	-0.0583973
ZNF432	ZNF585A	0.591832
ZNF23	ZNF271	-0.00104213
PER3	ZNF713	0.420416
CRSP9	GTF2E2	0.538195
TBX5	ZNF263	-0.202501
SMARCA5	ZNF43	0.707659
HTLF	NR2C2	0.598459
SUPT4H1	ZNF23	0.570533
GTF2E2	ZNF816a	0.0425736
ZNF473	ZNF767	0.309516
TNRC5	ZNF573	0.0124873
FOXF2	ZNF496	0.068702
HTLF	ZNF777	-0.0236432
CBFA2T2	TRIM14	0.0548966
CREB5	ZNF295	0.351151
ZNF295	ZNF542	0.458274
NFYA	TAF11	-0.0345882
YY1	ZNF432	0.533368
SUPT4H1	ZNF610	-0.00435908
CREB5	NFIC	-0.0216455
ZBTB1	ZNF83	0.554838
ZNF354C	ZNF585A	-0.0198709
TAF11	ZNF713	-0.0159236
TRIM14	ZNF23	-0.152468
GTF2F1	SMARCA5	0.586556
RBBP5	RFP2	0.357697
CBX3	MAFK	-0.0522264
NR2C2	ZNF354C	-0.12041
KLHL3	ZNF514	0.667936
TBX5	ZNF496	0.0418346
ZNF473	ZNF785	-0.0772071
HPCAL1	ZFHX1B	0.185747
AHR	RBBP5	-0.057604
TRIM14	ZNF295	0.0442416
GTF2E2	TFDP2	0.141564
ZNF473	ZNF777	0.0383803
CBFA2T2	TRIM26	-0.159212
M-RIP	ZFP1	-0.00401272
YY1	ZNF420	0.654602
TAF11	ZNF471	-0.0451056
TCEAL1	YY1	0.577134
ZNF295	ZNF514	0.473602
NR2C2	ZNF573	0.505888
ZNF542	ZNF91	0.139514
CNOT3	SATB1	0.204249
AHR	ZNF473	-0.255308
NFIC	ZNF573	-0.00313761
TRIM14	ZNF30	-0.0714933
TBX5	ZNF248	0.296434
AHR	ZNF471	-0.301695
SUPT4H1	ZNF43	-0.00468425
SMARCA5	ZNF131	0.685989
SUPT4H1	TEAD1	-0.0356076
FOXF2	ZNF473	0.0317256
FOXF2	ZNF471	0.327942
SATB1	ZNF43	0.113606
OPTN	SMARCA5	0.411062
ZNF263	ZNF717	-0.00441272
CREB5	ZNF271	0.645141
AHR	ZNF83	0.0256136
GTF2F1	NFIC	-0.0028921
TRIM14	ZNF43	0.00773601
TFDP2	TNRC5	-0.0569111
TBX19	ZBTB1	0.367155
ZBTB1	ZNF302	0.540011
ZNF542	ZNF83	0.192765
CBFA2T2	ZNF131	0.221798
CREB5	NR2C2	0.335972
GTF2F1	ZNF295	0.630303
SUPT4H1	ZNF30	0.566191
CBFA2T2	ZNF610	0.334861
CBFA2T2	ZNF611	0.631125
ZNF432	ZNF514	0.453974
ZNF227	ZNF717	-0.296438
ZNF23	ZNF248	0.497472
CREB5	YY1	0.284295
SATB1	ZNF30	-0.0403753
CBX3	TBX5	0.0830981
ZNF227	ZNF713	-0.0328145
STAT2	TFDP2	-0.287669
SMARCA5	ZNF91	0.139737
ZNF420	ZNF785	0.529348
ZNF354C	ZNF432	-0.131389
TCEAL1	ZNF542	0.432808
SMARCA5	ZNF83	0.571237
TCEAL1	ZNF131	0.509889
ZNF354C	ZNF83	-0.25909
CREB5	GTF2F1	0.216413
TRIM14	ZNF785	0.197902
CNOT3	KLHL3	0.373303
ZNF30	ZNF573	-0.00292012
TBX19	TEAD1	0.461327
ZNF43	ZNF785	0.22005
ZFHX1B	ZNF420	0.552523
TBX5	TRIM14	-0.254412
CNOT3	TNRC5	0.182687
NFYA	TEAD1	-0.106424
RBBP5	ZNF83	-0.0288216
PKNOX1	SUPT4H1	0.404893
KLHL3	ZFP1	0.281172
ZNF354C	ZNF420	-0.107968
ZNF420	ZNF777	-0.0325749
CBX3	CREB5	-0.0248769
CRSP9	HPCAL1	-0.0244093
NFYA	ZNF271	-0.280281
ZNF232	ZNF271	0.319152
KLHL3	ZNF131	0.234871
BTBD15	GTF2F1	0.623406
ZNF354C	ZNF688	-0.192599
BTBD15	MAFK	0.108403
ZNF585A	ZNF610	0.600168
FOXF2	SUPT4H1	0.363902
ZNF131	ZNF420	0.63791
M-RIP	ZNF717	0.0341564
ZNF263	ZNF585A	0.441155
SATB1	ZNF432	0.236472
ZNF271	ZNF496	-0.0137257
ZNF585A	ZNF611	0.486184
ZNF248	ZNF688	-0.00198949
CBX3	ZNF131	-0.10614
NFIC	OPTN	-0.0752432
HTLF	TAF11	0.612994
TRIM14	ZNF767	-0.0962835
ZNF232	ZNF264	0.300432
NFYA	ZNF264	-0.37859
NFYA	ZNF263	-0.253762
SMARCA5	ZNF514	0.308468
CREB5	GTF2H1	-0.0413591
ZNF232	ZNF263	0.436863
AHR	CBX3	-0.037902
SUPT4H1	ZNF131	-0.0155545
ELK4	LDB1	0.416275
ELK4	ZNF514	-0.0703955
TRIM26	ZNF688	-0.112608
HTLF	ZNF785	0.221824
GTF2H1	TBX5	0.0370727
OPTN	STAT2	0.360785
NFYA	ZNF248	0.0419987
NR2C2	ZNF131	0.583132
ZNF232	ZNF354C	-0.065557
ZNF264	ZNF91	0.363422
ZNF767	ZNF816a	0.36369
STAT2	ZNF610	0.0710003
STAT2	ZNF611	0.484633
FOXF2	ZNF816a	0.328788
TRIM26	ZNF816a	0.0230692
RFP2	ZNF816a	0.451143
TBX19	YY1	0.434223
ELK4	TNRC5	-0.00163499
TBX5	ZNF295	-0.139206
ELK4	PER3	0.178024
TCEAL1	ZNF514	0.541936
NR2C2	YY1	0.606686
M-RIP	ZNF713	0.239816
NR2C2	ZNF542	0.418088
TRIM14	ZNF83	0.0711539
ELK4	TRIM26	0.0973305
ZNF295	ZNF354C	-0.0865029
CRSP9	MAFK	-0.0799412
ELK4	ZNF542	-0.0101059
GTF2H1	ZNF471	0.351778
GTF2H1	ZNF473	0.568906
TFDP2	ZNF573	-0.0686404
LDB1	PER3	0.336736
FOSL2	ZNF295	-0.0668205
GTF2E2	STAT2	-0.0896791
GTF2F1	ZNF232	0.560613
ZNF354C	ZNF473	0.121696
TEAD1	ZNF302	0.304033
CNOT3	ZNF302	0.51995
FOXF2	KLHL3	-0.0186809
FOSL2	ZNF688	-0.113469
ZNF573	ZNF585A	0.470195
ZNF211	ZNF263	-0.019064
PGBD1	TNRC5	0.139489
ZNF211	ZNF264	-0.0115975
TRIM14	ZNF91	0.023548
TCEAL1	ZNF573	0.54307
ZNF211	ZNF248	0.444314
ZFP1	ZNF514	0.265238
CNOT3	ZNF717	-0.0278624
ZNF271	ZNF354C	-0.0228372
ELK4	TRIM14	-0.105505
ZNF354C	ZNF471	0.183285
NFIC	ZFHX1B	-0.0950958
PKNOX1	TBX5	0.00438783
SATB1	ZNF420	0.325635
ZNF131	ZNF432	0.446331
GTF2H1	TNRC5	-0.044072
HTLF	SATB1	0.0536351
NR2C2	ZNF514	0.471273
LDB1	TBX5	0.15359
SUPT4H1	ZNF91	-0.0150795
ZNF30	ZNF542	-0.0437614
GTF2F1	NR2C2	0.626201
RBBP5	ZNF471	0.453405
RBBP5	ZNF473	0.0682012
TCEAL1	TEAD1	0.392508
TEAD1	TFDP2	-0.0665538
GTF2F1	ZNF227	0.542231
RBBP5	ZNF91	-0.0418114
BTBD15	KLHL3	0.356532
ZNF43	ZNF777	-0.167624
ZFHX1B	ZNF432	0.44817
ZNF30	ZNF514	-0.0142319
ZNF264	ZNF302	0.354302
ZFP1	ZNF131	0.252097
STAT2	ZNF131	0.0281496
GTF2F1	ZNF211	-0.00528224
NFYA	STAT2	-0.519152
GTF2E2	HPCAL1	-0.00374039
NFIC	ZNF131	-0.11201
ZFHX1B	ZFP1	0.257688
ZNF211	ZNF83	-0.0253527
ZNF354C	ZNF496	0.101042
CRSP9	TRIM14	-0.232093
CBFA2T2	PER3	-0.044403
SATB1	STAT2	0.50003
CREB5	GTF2E2	-0.210186
CNOT3	ZFHX1B	0.374129
PKNOX1	TFDP2	0.27592
ZNF232	ZNF295	0.641853
FOSL2	ZNF263	-0.0882189
PGBD1	STAT2	0.316765
NFYA	ZNF295	-0.0785128
GTF2H1	ZNF496	0.647723
ZNF354C	ZNF91	-0.078179
SATB1	TCEAL1	0.407506
RBBP5	ZNF496	0.148312
ZNF211	ZNF91	-0.00118399
CRSP9	TRIM26	0.0639284
ZNF514	ZNF611	0.525262
SUPT4H1	TBX5	0.153577
ZNF514	ZNF610	0.294298
ZNF232	ZNF713	-0.0161331
NFYA	ZNF713	0.0274455
OPTN	TAF11	0.251598
CRSP9	ZNF271	-0.0100527
BTBD15	NFYA	-0.00511937
TRIM14	ZNF713	-0.0210056
CBX3	ZNF688	-0.0691359
FOSL2	ZNF777	0.35049
PER3	TNRC5	-0.0206137
ZNF585A	ZNF83	0.495516
GTF2E2	OPTN	-0.125091
GTF2F1	TRIM14	0.118397
M-RIP	ZNF30	0.110012
ZNF232	ZNF717	-0.32023
CREB5	ZNF777	-0.0192071
NFYA	ZNF302	-0.0152648
ZNF232	ZNF302	0.664429
CBFA2T2	ZFP1	0.11687
CBFA2T2	RBBP5	-0.00131583
RBBP5	TFDP2	0.029585
MAFK	TRIM14	0.00424707
STAT2	ZNF573	0.569095
ZNF354C	ZNF816a	0.135915
ZNF585A	ZNF91	0.353641
ZNF264	ZNF43	0.26031
M-RIP	ZNF43	-0.0490772
FOSL2	ZNF767	0.369678
LDB1	ZNF717	0.244188
BTBD15	CREB5	0.158698
CREB5	ZNF785	0.369965
ZNF610	ZNF611	0.393848
GTF2F1	ZNF785	0.473871
TAF11	ZNF816a	-0.237841
M-RIP	SUPT4H1	0.27541
ELK4	TBX5	0.00567012
SMARCA5	ZNF573	0.31732
PER3	ZNF91	-0.16436
ZFHX1B	ZNF496	-0.00293027
LDB1	ZNF713	0.622618
CBX3	TFDP2	0.0587686
NFIC	ZNF585A	-0.103554
ELK4	ZNF585A	-0.00713601
PER3	ZNF816a	0.213955
OPTN	ZNF227	0.39884
TRIM26	ZNF43	-0.236062
STAT2	ZBTB1	0.205851
PGBD1	ZFHX1B	0.495889
RBBP5	TAF11	-0.0341126
TAF11	ZNF83	0.341067
MAFK	ZNF302	0.288817
SMARCA5	ZNF585A	0.596428
NR2C2	PER3	-0.0319815
ZNF473	ZNF83	-0.00107989
ZNF271	ZNF542	0.276547
ZNF248	ZNF717	0.171666
FOSL2	RBBP5	0.345278
GTF2H1	NFIC	0.0785946
LDB1	RBBP5	0.493456
ZNF248	ZNF713	0.519616
PER3	TRIM14	-0.00537504
BTBD15	NR2C2	0.663113
ZNF30	ZNF91	-0.0626941
TNRC5	TRIM14	0.298676
PER3	ZNF83	-0.0829812
TAF11	ZNF91	0.0025014
TRIM26	ZNF713	0.0436977
OPTN	ZNF232	0.46493
TRIM26	ZNF30	0.046849
ZNF767	ZNF777	0.419507
ZFP1	ZNF688	0.178282
ELK4	RFP2	0.234367
SMARCA5	ZFHX1B	0.468112
CREB5	ZNF767	-0.00625643
YY1	ZNF585A	0.511794
TCEAL1	ZNF816a	-0.0249424
CRSP9	ZNF263	-0.00178954
CRSP9	ZNF264	-0.00910802
GTF2F1	ZNF131	0.598128
NFIC	RFP2	0.250048
FOXF2	ZFHX1B	-0.0879856
ZNF473	ZNF91	-0.0911484
NR2C2	TBX5	-0.137748
HPCAL1	HTLF	0.443774
AHR	STAT2	0.0739512
ZNF302	ZNF514	0.408254
ZBTB1	ZNF473	-0.0023901
TRIM26	ZNF717	0.239826
PGBD1	TBX5	-0.159257
CREB5	MAFK	0.655462
TEAD1	ZNF767	-0.0289729
RBBP5	ZNF514	-0.00673068
LDB1	ZNF248	0.568566
ZNF232	ZNF585A	0.629484
M-RIP	ZNF777	0.177291
SMARCA5	TEAD1	0.155726
TBX19	ZNF432	0.365004
ZNF264	ZNF785	0.622255
CBFA2T2	ZBTB1	0.474808
ZNF263	ZNF302	0.45224
CBX3	NFIC	0.489605
BTBD15	ZNF777	-0.0696582
SMARCA5	ZNF542	0.557924
ZNF248	ZNF777	0.397856
CNOT3	FOSL2	-0.0775654
ZNF585A	ZNF688	0.546043
ZNF302	ZNF542	0.573214
PKNOX1	ZNF785	-0.00734972
M-RIP	ZNF785	-0.00262585
ZNF30	ZNF496	0.519844
CRSP9	SATB1	-0.0538912
NFYA	NR2C2	-0.0832195
HTLF	TFDP2	-0.131803
TRIM26	ZNF91	-0.184498
HTLF	PGBD1	0.650483
LDB1	ZNF232	-0.00116491
HPCAL1	ZNF514	0.214247
CREB5	NFYA	-0.223347
ZNF264	ZNF83	0.42376
BTBD15	ZNF785	0.308351
TBX19	ZNF420	0.482359
BTBD15	RFP2	-0.00112054
LDB1	ZFP1	-0.00122697
CRSP9	ZNF248	0.340608
PER3	TRIM26	0.0183489
PER3	ZNF302	-0.104038
TFDP2	ZNF611	-0.0332325
TFDP2	ZNF610	-0.0124852
AHR	BTBD15	0.00983048
GTF2F1	ZNF816a	-0.0781565
LDB1	ZNF227	-0.010059
CRSP9	ZNF211	0.307264
ELK4	TBX19	-0.0452362
FOSL2	ZNF717	0.185548
ZNF514	ZNF573	0.605817
FOSL2	ZNF713	0.370226
TRIM26	ZNF83	-0.0260989
MAFK	TRIM26	-0.434444
PER3	ZNF43	-0.151866
HPCAL1	TAF11	0.41836
ZBTB1	ZNF420	0.710117
PKNOX1	ZNF767	0.421475
CBX3	LDB1	0.484504
OPTN	PER3	-0.100883
M-RIP	ZNF767	0.28628
ZNF30	ZNF471	0.474101
ZNF30	ZNF473	0.391413
PER3	SATB1	-0.0393292
ZNF248	ZNF263	-0.00303138
TEAD1	ZNF777	-0.0618554
GTF2F1	TRIM26	-0.197475
M-RIP	ZNF23	0.181777
GTF2F1	NFYA	-0.159761
PER3	TBX19	-0.0135378
OPTN	ZNF785	0.396302
RFP2	TFDP2	0.0964244
LDB1	ZNF211	0.313626
RBBP5	ZNF542	-0.285424
AHR	FOSL2	-0.246672
PER3	ZNF30	0.285294
ZBTB1	ZNF432	0.617378
PGBD1	ZNF43	0.624253
PKNOX1	ZNF777	0.178933
CNOT3	ZNF785	0.476189
GTF2H1	RFP2	0.273291
TEAD1	ZNF785	0.282356
ZNF271	ZNF573	0.615037
ZNF496	ZNF91	-0.0537572
ZNF248	ZNF767	0.580244
GTF2E2	RBBP5	0.157086
FOXF2	ZNF30	0.232675
OPTN	PKNOX1	-0.0948257
ZNF295	ZNF611	0.563882
ZNF295	ZNF610	0.634629
LDB1	SATB1	-0.0107724
SUPT4H1	ZNF542	-0.0766758
HPCAL1	ZNF542	0.0567549
MAFK	ZNF777	-0.0430536
CREB5	ZNF302	0.329033
TBX5	TFDP2	0.076162
PER3	ZNF23	0.247124
GTF2F1	ZNF302	0.545929
FOSL2	ZBTB1	-0.00122212
HTLF	SMARCA5	0.629903
HTLF	ZNF295	0.624877
ZNF473	ZNF816a	0.00432091
GTF2F1	ZNF717	-0.0347214
TBX19	ZNF473	-0.0651556
TRIM26	ZNF295	-0.328648
TNRC5	ZNF227	0.110758
CNOT3	NR2C2	0.623368
YY1	ZNF514	0.410145
CBX3	CRSP9	0.182739
ZNF302	ZNF573	0.38497
CNOT3	ZNF816a	-0.0733936
MAFK	ZNF767	-0.0263053
KLHL3	ZNF23	-0.000953959
FOXF2	ZNF23	0.215909
GTF2F1	RFP2	-0.00215824
ZNF232	ZNF785	0.267429
NFYA	ZNF785	-0.331572
FOSL2	TNRC5	-0.291214
ZBTB1	ZNF295	0.651232
NR2C2	SATB1	0.297888
FOSL2	PGBD1	-0.0619824
TEAD1	ZNF713	-0.0482386
CNOT3	ZNF354C	-0.103849
ZNF211	ZNF688	-0.0214432
TEAD1	ZNF717	-0.254137
TNRC5	ZNF211	-0.447218
TAF11	TBX5	-0.343223
MAFK	PKNOX1	-0.198574
SATB1	YY1	0.287642
GTF2E2	ZNF713	0.354324
ZFP1	ZNF610	0.204535
FOXF2	ZNF420	-0.0435506
TFDP2	ZFHX1B	-0.0922764
KLHL3	ZNF30	-0.0137032
ZNF232	ZNF777	-0.152739
NR2C2	TAF11	0.5469
FOXF2	TBX5	0.129218
TRIM14	ZBTB1	0.0256657
PKNOX1	TBX19	-0.0618317
ZFP1	ZNF611	0.298719
HTLF	ZNF816a	-0.167096
TNRC5	ZNF43	0.13476
TCEAL1	ZNF354C	-0.0634679
ZNF295	ZNF713	-0.000846574
GTF2E2	ZNF717	0.122229
NFIC	TRIM26	0.0198686
ZNF295	ZNF717	-0.137273
M-RIP	ZNF354C	0.463229
FOXF2	ZNF43	-0.18392
MAFK	SUPT4H1	-0.0315894
SUPT4H1	ZNF816a	0.381537
CBFA2T2	FOXF2	-0.0189176
MAFK	ZNF785	0.30019
FOXF2	ZNF432	-0.0787355
ELK4	OPTN	-0.0624833
LDB1	ZNF777	0.473003
KLHL3	ZNF43	0.311443
KLHL3	ZNF542	0.325245
PKNOX1	ZNF816a	0.0795453
HTLF	ZNF271	0.210872
ZNF30	ZNF816a	0.173957
ELK4	RBBP5	0.202808
HTLF	ZNF264	0.310118
HTLF	ZNF263	0.560729
CBX3	ZNF610	-0.151086
TNRC5	ZNF30	-0.0274158
NFYA	ZNF767	0.070033
GTF2F1	M-RIP	-0.0477343
GTF2H1	MAFK	-0.0833296
LDB1	ZNF767	0.629399
OPTN	TEAD1	0.602385
TRIM26	ZFP1	-0.269253
ZNF227	ZNF777	-0.179163
BTBD15	ZNF302	0.607554
PKNOX1	ZNF354C	0.0114528
TRIM26	ZNF785	-0.151747
PER3	ZNF785	-0.00644395
TNRC5	ZNF264	0.0658048
TNRC5	ZNF263	0.193231
PKNOX1	TCEAL1	-0.0110354
CBFA2T2	M-RIP	-0.00792949
HPCAL1	ZNF585A	0.305061
ZNF227	ZNF785	0.136127
CBFA2T2	ZNF688	0.317203
PKNOX1	ZNF713	0.374395
ZNF271	ZNF43	0.263951
PKNOX1	ZNF717	0.135541
ZNF271	ZNF514	0.646227
TRIM26	ZNF271	-0.454362
CRSP9	NFIC	0.0836148
NFIC	TRIM14	-0.00307975
NFIC	ZNF514	-0.02725
TRIM26	ZNF263	-0.140476
TRIM26	ZNF264	-0.192179
M-RIP	ZNF83	-0.0794679
ZNF263	ZNF785	0.454017
OPTN	ZNF295	0.514997
TAF11	ZNF785	0.169654
TAF11	ZNF585A	0.469373
TRIM26	ZNF777	0.0575109
PER3	ZNF354C	0.122489
TEAD1	ZNF585A	0.416642
AHR	FOXF2	-0.0490381
PKNOX1	ZNF302	-0.00746095
KLHL3	ZNF573	0.620506
CRSP9	LDB1	0.42
TBX19	ZNF496	-0.0131931
KLHL3	PGBD1	0.46198
FOXF2	ZNF91	-0.0780962
ZNF263	ZNF354C	-0.079851
ZNF271	ZNF30	-0.0144509
CREB5	ZNF717	-0.20085
TRIM26	ZNF232	-0.322506
PGBD1	ZNF432	0.646619
TAF11	ZNF43	0.570454
CREB5	ZNF713	-0.0138124
ZNF264	ZNF717	-0.00375789
OPTN	ZNF263	0.298883
TNRC5	ZNF248	-0.259251
SMARCA5	TRIM14	0.0148067
ZBTB1	ZNF264	0.475128
TAF11	ZNF777	-0.0400516
ZBTB1	ZNF263	0.498999
CRSP9	TNRC5	-0.0493626
OPTN	ZNF264	0.377077
TNRC5	ZNF83	0.129913
TRIM26	ZNF767	0.0360872
PER3	ZNF767	0.276828
TBX5	ZNF432	-0.0861802
HPCAL1	ZNF573	0.300956
KLHL3	ZNF83	0.395186
CBFA2T2	CNOT3	0.465966
CREB5	ZFP1	0.23869
FOXF2	ZNF83	-0.0836015
GTF2E2	ZNF767	0.389431
ZNF717	ZNF816a	0.218963
OPTN	ZNF271	0.556807
TNRC5	ZNF232	0.103738
ZNF432	ZNF473	-0.00331082
SMARCA5	TRIM26	-0.241501
TAF11	ZNF767	-0.0113726
BTBD15	OPTN	0.388262
ZBTB1	ZNF271	0.423632
PKNOX1	STAT2	-0.100314
KLHL3	ZNF91	0.630764
BTBD15	ZNF717	-0.12449
PER3	ZNF777	0.446028
PGBD1	ZNF420	0.700751
TBX5	ZNF420	-0.150142
CBX3	PKNOX1	0.203957
TRIM26	ZNF248	0.0216888
SATB1	SUPT4H1	-0.011818
FOXF2	TFDP2	0.00165969
ZBTB1	ZNF232	0.50922
CBFA2T2	ZNF227	0.213329
RBBP5	SMARCA5	-0.119195
CNOT3	TCEAL1	0.567245
CREB5	CRSP9	-0.0394932
M-RIP	YY1	-0.0264175
ZNF295	ZNF91	0.301305
NFIC	ZNF211	0.0820185
CNOT3	YY1	0.615384
SMARCA5	SUPT4H1	-0.00210957
STAT2	ZNF295	0.297433
GTF2F1	HPCAL1	0.568468
ZFHX1B	ZNF585A	0.623456
CBFA2T2	ZNF542	0.187125
CREB5	TBX19	0.525709
ELK4	ZNF473	0.486584
ELK4	ZNF471	0.334143
GTF2H1	ZNF573	-0.00222952
RBBP5	ZNF585A	-0.0712007
ZBTB1	ZNF227	0.350709
CNOT3	ZNF473	-0.00214761
CBX3	ZNF43	-0.156018
M-RIP	TRIM14	-0.240699
PKNOX1	ZNF211	0.157994
ZNF295	ZNF83	0.615374
TCEAL1	ZNF473	-0.00123795
ZNF420	ZNF43	0.660496
ZNF295	ZNF432	0.648925
FOSL2	ZNF131	-0.203398
AHR	ZNF573	0.00132416
TBX5	TNRC5	-0.616399
ZNF542	ZNF777	-0.332439
ZBTB1	ZNF211	-0.00220812
PKNOX1	ZNF227	-0.000973605
ZNF248	ZNF30	0.43449
GTF2F1	TBX5	-0.205897
GTF2F1	TAF11	0.621777
ZFP1	ZNF420	0.366
HTLF	ZNF610	0.586807
HTLF	ZNF611	0.388391
NFIC	ZNF232	-0.162126
TAF11	ZNF302	0.540968
GTF2E2	ZNF542	-0.0277161
CNOT3	ZNF91	0.167333
HPCAL1	KLHL3	0.227855
PGBD1	TAF11	0.597087
NR2C2	ZFHX1B	0.505463
FOXF2	ZNF585A	-0.0985141
GTF2H1	PER3	0.123148
ZNF542	ZNF785	0.0890193
TCEAL1	ZNF43	0.551852
PGBD1	ZNF295	0.657067
NFYA	SUPT4H1	0.0466312
ZNF248	ZNF43	-0.000958919
ZFP1	ZNF432	0.166486
HTLF	ZNF211	-0.0282151
ZNF514	ZNF717	-0.161833
CNOT3	ZNF83	0.590083
CBFA2T2	ZNF514	0.590711
ZNF227	ZNF610	0.677754
LDB1	NFIC	0.364587
NFIC	ZNF227	-0.182043
TBX5	TCEAL1	-0.0786176
CNOT3	GTF2F1	0.682783
ELK4	M-RIP	0.0339861
FOSL2	PKNOX1	0.0803241
ZNF227	ZNF611	0.320933
HTLF	OPTN	0.305675
PGBD1	ZNF263	0.616914
PGBD1	ZNF264	0.526959
CBFA2T2	ZNF263	0.386968
YY1	ZFP1	0.426249
CBFA2T2	ZNF264	0.507277
HTLF	ZBTB1	0.387982
ZNF354C	ZNF514	-0.0240995
PGBD1	ZBTB1	0.672343
CBX3	ZNF91	-0.032254
PKNOX1	ZNF248	0.284329
HTLF	ZNF227	0.506571
CNOT3	PGBD1	0.668968
NR2C2	ZNF688	0.633262
ELK4	TFDP2	0.165408
ZNF420	ZNF816a	-0.0658325
ZNF713	ZNF816a	0.381547
ZFP1	ZNF816a	-0.0233508
GTF2H1	ZFHX1B	-0.00541675
CRSP9	TBX5	0.040389
KLHL3	ZNF611	0.544869
KLHL3	ZNF610	0.312717
HTLF	ZNF232	0.59231
ZNF295	ZNF43	0.632788
TBX5	ZNF131	-0.237122
ZFP1	ZNF496	-0.0206489
PGBD1	ZNF271	0.437346
CRSP9	TFDP2	0.2405
ZNF420	ZNF83	0.673743
ZNF542	ZNF767	-0.0481859
NFIC	ZNF688	-0.118138
GTF2H1	LDB1	0.410501
ZNF573	ZNF717	-0.0524664
KLHL3	ZNF232	0.366698
CBX3	ZNF83	-0.0128696
ZNF713	ZNF83	-0.000913606
PGBD1	ZFP1	0.379854
GTF2H1	ZFP1	-0.0239945
TEAD1	YY1	0.198579
TNRC5	ZNF688	0.200297
SATB1	TBX19	0.533998
NR2C2	ZFP1	0.3099
PKNOX1	ZNF264	-0.0129773
CBX3	TEAD1	-0.070122
PKNOX1	ZNF263	-0.000976689
NFIC	PER3	0.534247
HTLF	ZNF248	-0.0152382
ZNF713	ZNF91	-0.0254554
ZNF420	ZNF91	0.323815
M-RIP	RFP2	0.475218
TFDP2	TRIM14	-0.0918597
MAFK	TAF11	0.00458391
KLHL3	ZNF227	0.264016
NFIC	TBX5	0.0979581
ZNF295	ZNF420	0.694504
NR2C2	PGBD1	0.666739
ZNF420	ZNF610	0.662808
ZNF420	ZNF611	0.615362
ZFP1	ZNF471	-0.00124085
CBFA2T2	ZNF232	0.382898
CREB5	TFDP2	-0.132004
ZFP1	ZNF473	-0.0336886
MAFK	ZNF354C	-0.0079987
ZNF295	ZNF777	-0.0402621
ELK4	ZNF496	0.564968
TFDP2	TRIM26	0.297806
GTF2H1	ZNF514	-0.00991213
ZNF432	ZNF610	0.516718
YY1	ZNF302	0.508615
ZNF473	ZNF496	0.591333
ZNF432	ZNF611	0.556761
ZNF295	ZNF785	0.478021
PER3	PGBD1	-0.0133636
PGBD1	YY1	0.639131
CNOT3	ZNF43	0.547518
PKNOX1	ZNF271	-0.0906969
GTF2E2	ZNF573	-0.0835472
GTF2F1	STAT2	0.29293
NR2C2	ZNF816a	-0.0501323
NR2C2	ZNF264	0.511596
NR2C2	ZNF263	0.567902
ZNF573	ZNF83	0.441785
STAT2	ZNF354C	-0.00951175
TFDP2	ZNF473	0.175703
ZNF131	ZNF542	0.411591
STAT2	ZNF211	-0.0346911
TFDP2	ZNF585A	-0.0466931
AHR	TRIM14	0.43876
HPCAL1	TEAD1	0.0155951
ZNF542	ZNF713	-0.121839
HPCAL1	SUPT4H1	-0.000882722
OPTN	SATB1	0.524743
CNOT3	CREB5	0.204925
ZFHX1B	ZNF514	0.519761
ZNF264	ZNF473	-0.0770959
TFDP2	ZNF471	0.130173
NR2C2	TNRC5	0.119017
NFIC	ZNF295	-0.0414487
ZNF420	ZNF688	0.67559
SMARCA5	ZNF354C	-0.123675
ZNF542	ZNF717	-0.509325
PKNOX1	ZNF91	-0.0936617
CNOT3	TEAD1	0.114877
TAF11	TCEAL1	0.464126
CRSP9	ZNF816a	0.0765406
ZNF43	ZNF688	0.636185
CBFA2T2	TAF11	0.179756
LDB1	ZNF354C	0.103418
NFYA	ZNF131	-0.0122035
ZNF432	ZNF816a	-0.0185611
ZNF354C	ZNF542	-0.0405421
CBFA2T2	ZNF295	0.561473
GTF2F1	ZBTB1	0.620666
SUPT4H1	TNRC5	-0.101342
ZNF514	ZNF777	-0.0167083
KLHL3	ZNF271	0.657092
TRIM26	ZNF573	-0.338426
TCEAL1	ZNF420	0.656234
NFYA	PKNOX1	0.188872
ELK4	NFYA	0.152009
PGBD1	TRIM26	-0.275491
ZNF542	ZNF585A	0.56099
BTBD15	ZNF43	0.607461
TFDP2	ZNF496	0.208882
STAT2	ZNF232	0.116458
CBX3	ZNF232	-0.145161
NFYA	ZNF585A	-0.0575314
SATB1	ZNF573	0.547389
ZNF232	ZNF43	0.680118
ZNF354C	ZNF573	-0.0537702
ZNF131	ZNF514	0.219906
STAT2	ZNF227	0.0184458
ZNF264	ZNF496	-0.0226592
CBX3	ZNF816a	0.367802
KLHL3	ZNF263	0.354382
KLHL3	ZNF264	0.524976
ZNF514	ZNF785	0.549692
NFIC	ZNF816a	0.312877
MAFK	YY1	0.200215
HTLF	ZNF688	0.55127
LDB1	MAFK	-0.0317719
CBFA2T2	ZNF271	0.588852
TEAD1	ZNF227	0.109855
CBX3	ZNF248	0.401963
STAT2	ZNF717	-0.0106821
CBFA2T2	KLHL3	0.613946
RFP2	ZNF131	-0.0379505
NR2C2	ZNF271	0.45406
ZFHX1B	ZNF542	0.525311
CBX3	KLHL3	-0.0182733
HPCAL1	ZNF23	-0.000794353
HTLF	MAFK	0.0218077
RFP2	TAF11	-0.0759237
M-RIP	ZNF611	-0.0134696
M-RIP	ZNF610	-0.0480354
ZNF610	ZNF688	0.640175
ZNF767	ZNF91	-0.0082291
RFP2	SUPT4H1	0.518141
HTLF	NFYA	-0.0483698
LDB1	ZNF816a	0.378598
TEAD1	ZNF232	0.2256
TRIM26	ZNF514	-0.464356
CBX3	ZNF211	0.11446
SATB1	ZNF514	0.600904
AHR	CRSP9	-0.224822
CREB5	STAT2	0.445726
CBX3	TAF11	-0.0412826
FOSL2	ZNF542	-0.134322
ZNF573	ZNF785	0.644436
STAT2	YY1	0.351171
MAFK	ZNF514	0.621799
CBX3	SUPT4H1	0.485592
ZNF264	ZNF432	0.412376
NR2C2	ZNF610	0.611871
ZNF264	ZNF585A	0.414498
NR2C2	ZNF611	0.586967
ZNF232	ZNF91	0.168369
ELK4	ZNF432	-0.001955
CBX3	ZNF227	-0.166943
ZNF131	ZNF573	0.233866
TBX19	TRIM26	-0.345113
NFIC	ZNF248	0.297516
NFIC	ZNF354C	0.122026
PGBD1	TRIM14	0.0763547
HPCAL1	ZNF43	0.300752
NFYA	TCEAL1	-0.133475
ZNF302	ZNF816a	-0.100657
GTF2E2	NFYA	0.133169
CNOT3	ZNF432	0.55261
RFP2	ZNF542	-0.0407073
STAT2	ZNF785	0.52025
TCEAL1	ZNF432	0.617021
OPTN	ZNF585A	0.586234
ZNF83	ZNF91	0.209454
NFYA	TBX5	0.0274886
ZNF264	ZNF420	0.546349
ZFHX1B	ZNF573	0.446955
ZNF232	ZNF83	0.499104
KLHL3	ZFHX1B	0.537205
STAT2	ZNF767	-0.00222171
KLHL3	ZNF585A	0.50419
STAT2	ZNF271	0.560967
CBFA2T2	MAFK	0.315125
TNRC5	ZNF611	0.0760366
TNRC5	ZNF610	0.136382
NFIC	ZNF271	-0.0167424
CRSP9	NFYA	0.238438
FOSL2	ZNF585A	-0.0568904
BTBD15	ZNF816a	-0.0775975
KLHL3	TFDP2	-0.0457371
CNOT3	ZNF420	0.672524
M-RIP	TBX5	0.545281
GTF2E2	TRIM26	0.147319
CRSP9	ZNF354C	0.0894443
RBBP5	ZFHX1B	-0.0689681
M-RIP	ZNF131	-0.0988159
STAT2	ZNF264	0.541851
SATB1	ZNF542	0.18069
STAT2	ZNF263	0.319629
LDB1	M-RIP	0.274174
AHR	ZNF131	0.0404769
HTLF	TBX5	-0.26142
TRIM26	ZNF542	-0.268726
GTF2H1	HPCAL1	-0.0217911
NR2C2	ZNF232	0.613935
NR2C2	ZNF227	0.570338
GTF2E2	TRIM14	-0.0556201
YY1	ZNF816a	-0.0587282
NR2C2	TFDP2	-0.0188771
NFIC	SUPT4H1	0.375725
KLHL3	ZNF295	0.479473
MAFK	ZNF420	0.28756
ZNF211	ZNF713	0.242147
STAT2	ZFHX1B	0.274644
HPCAL1	ZNF83	0.176262
TAF11	YY1	0.522853
ZNF211	ZNF717	0.00203655
TEAD1	ZNF295	0.289218
M-RIP	ZNF816a	0.4184
TRIM14	ZNF432	0.0299715
KLHL3	OPTN	0.593544
ZNF271	ZNF420	0.48314
MAFK	TCEAL1	0.389156
MAFK	ZNF432	0.243237
M-RIP	ZNF688	-0.0981283
FOXF2	ZNF785	-0.00129099
BTBD15	PER3	-0.098818
ZBTB1	ZFHX1B	0.360975
ZNF610	ZNF713	-0.0192519
LDB1	ZNF131	-0.00994649
PGBD1	ZNF816a	-0.0601119
ZNF610	ZNF717	-0.297559
M-RIP	NR2C2	-0.0243366
SMARCA5	TFDP2	-0.0140864
SUPT4H1	ZNF471	0.592291
SMARCA5	ZNF471	-0.000934939
TRIM14	ZNF420	0.0652029
TFDP2	ZNF514	-0.0474086
SUPT4H1	ZNF473	0.266846
PKNOX1	ZNF611	-0.00478854
ZNF496	ZNF514	-0.00720255
ZNF131	ZNF354C	-0.0626132
RBBP5	TCEAL1	-0.00854992
TEAD1	ZNF688	0.0563662
FOXF2	ZNF354C	0.158915
NR2C2	TBX19	0.453543
ZNF227	ZNF83	0.348038
TBX5	ZNF816a	0.373317
GTF2E2	ZNF295	-0.00110304
HPCAL1	SMARCA5	0.336386
HPCAL1	TCEAL1	0.375237
NFIC	TEAD1	-0.0765268
RBBP5	ZNF432	-0.0362406
NFYA	TRIM14	-0.352177
SUPT4H1	ZFHX1B	-0.00201584
PER3	ZNF473	0.0751667
PER3	ZNF471	0.270924
TBX19	ZNF514	0.609466
GTF2H1	STAT2	-0.0786671
ZNF248	ZNF610	-0.000867419
TNRC5	ZNF816a	-0.283598
STAT2	TBX19	0.556886
YY1	ZNF83	0.525447
GTF2F1	ZFHX1B	0.400523
NR2C2	ZNF717	-0.0817364
TFDP2	ZNF542	-0.00828534
AHR	ZNF354C	-0.382057
OPTN	ZNF131	0.341161
ZNF227	ZNF91	0.0355564
CRSP9	ZNF767	0.458261
HPCAL1	ZNF91	0.00500694
TBX19	TRIM14	0.130314
RBBP5	TBX5	0.113548
ZBTB1	ZNF573	0.504424
SUPT4H1	ZNF496	0.389846
STAT2	ZNF688	0.0757328
BTBD15	ZBTB1	0.614581
ZNF43	ZNF717	-0.306712
OPTN	ZNF816a	-0.0144679
ZNF43	ZNF713	-0.0201782
ZFP1	ZNF785	0.309954
YY1	ZNF91	0.223985
ZNF271	ZNF432	0.436838
ZNF23	ZNF30	0.647367
NFYA	ZNF611	-0.245341
ZNF232	ZNF610	0.679152
ZNF232	ZNF611	0.405745
CRSP9	ZNF777	0.153768
NFYA	ZNF211	0.129138
ZNF713	ZNF767	0.586861
PKNOX1	RBBP5	0.190172
MAFK	TBX19	0.470838
TBX5	ZNF785	-0.0174214
NFYA	TNRC5	-0.0614278
AHR	M-RIP	-0.434958
CBX3	M-RIP	0.163135
OPTN	ZFHX1B	0.617162
RBBP5	ZNF23	0.340726
FOXF2	OPTN	-0.0649953
PGBD1	ZNF785	0.505523
TEAD1	ZNF248	-0.00456738
ZBTB1	ZNF542	0.181294
GTF2H1	ZNF816a	0.0665308
NR2C2	ZNF295	0.659807
FOXF2	GTF2H1	0.0792115
TAF11	ZFHX1B	0.305152
ZNF514	ZNF688	0.264024
NFYA	TRIM26	0.136469
MAFK	ZNF471	-0.00824596
MAFK	ZNF473	-0.0873819
CREB5	PER3	-0.063883
RBBP5	ZNF420	-0.0209471
ZNF713	ZNF777	0.539395
RFP2	TRIM14	-0.170292
GTF2E2	TEAD1	-0.274302
ZNF302	ZNF432	0.581287
SATB1	ZNF473	-0.0858707
SMARCA5	ZNF432	0.571738
SATB1	ZNF471	-0.00181437
TAF11	TBX19	0.127771
CBX3	ZNF295	-0.0389783
CRSP9	ZNF785	-0.00752673
GTF2F1	PGBD1	0.66946
FOSL2	ZNF610	-0.126549
SMARCA5	TNRC5	0.150764
ZBTB1	ZNF514	0.429705
CBFA2T2	NFIC	-0.0190694
NFYA	ZNF232	-0.00181705
ZNF471	ZNF713	0.559024
FOXF2	ZNF777	0.510031
TBX5	ZNF767	0.167562
RFP2	TRIM26	0.0119318
ZNF471	ZNF717	0.189453
PKNOX1	ZNF23	0.520032
ZNF496	ZNF573	-0.00960462
RFP2	ZNF83	-0.00389357
TEAD1	ZNF271	0.607466
NFYA	ZNF227	-0.000882983
FOXF2	ZNF767	0.30662
RBBP5	ZNF43	-0.130361
GTF2E2	TCEAL1	-0.0211691
ZNF302	ZNF420	0.661269
SMARCA5	ZNF420	0.670208
ZNF263	ZNF420	0.615362
BTBD15	ZNF91	0.172952
PER3	ZNF432	-0.0845463
KLHL3	ZNF354C	-0.0316999
PGBD1	TBX19	0.447415
TEAD1	ZNF264	0.27207
TEAD1	ZNF263	0.0821368
ZNF23	ZNF542	-0.0270932
FOXF2	GTF2F1	-0.00427976
STAT2	TCEAL1	0.381818
PKNOX1	ZNF30	0.504876
CRSP9	RBBP5	0.178168
GTF2E2	ZNF354C	0.0144576
ZNF610	ZNF777	-0.162431
GTF2E2	ZNF264	-0.0110684
STAT2	ZNF302	0.182314
AHR	YY1	0.0136823
YY1	ZNF43	0.502285
SATB1	ZNF496	-0.0488935
GTF2E2	ZNF271	-0.141416
ZNF610	ZNF816a	-0.138611
RBBP5	ZNF30	0.348889
TBX5	ZNF777	0.0919888
FOXF2	GTF2E2	0.0898619
PGBD1	ZNF777	-0.00947595
TBX19	ZNF542	0.169153
ZNF271	ZNF473	-0.060015
CBX3	ZNF271	-0.010891
BTBD15	ZNF83	0.603365
ZNF263	ZNF432	0.444876
PER3	ZNF420	-0.0313261
TAF11	TFDP2	-0.143457
TBX19	ZNF573	0.642195
FOXF2	ZNF302	-0.122139
MAFK	TFDP2	-0.060433
AHR	ZNF30	-0.120926
FOSL2	GTF2H1	0.0712104
TRIM14	ZNF816a	-0.0502024
GTF2E2	ZNF232	-0.00204973
GTF2F1	TBX19	0.389694
RFP2	ZNF23	0.439225
FOXF2	M-RIP	0.226759
ZFHX1B	ZNF23	-0.00087659
ZNF263	ZNF496	-0.00317013
GTF2H1	KLHL3	-0.0109007
TBX19	ZNF43	0.205833
AHR	CBFA2T2	0.00133361
AHR	ZNF43	0.00701025
BTBD15	HTLF	0.538964
ZNF23	ZNF91	-0.0354138
HTLF	TRIM26	-0.136852
ZNF211	ZNF785	-0.00775943
CBX3	NR2C2	-0.0178381
TEAD1	ZNF611	0.32856
GTF2E2	ZNF248	0.250378
ZFHX1B	ZNF30	-0.00449108
TFDP2	YY1	-0.130043
BTBD15	FOSL2	-0.067424
CBFA2T2	PKNOX1	-0.00555562
ZNF688	ZNF816a	-0.121426
HPCAL1	ZNF420	0.459633
CREB5	ZNF420	0.362226
GTF2F1	ZNF420	0.676881
CRSP9	GTF2H1	0.6744
GTF2H1	SUPT4H1	0.414558
TRIM14	ZNF496	-0.267976
FOSL2	GTF2F1	-0.0819643
HTLF	TRIM14	0.0381977
GTF2F1	TCEAL1	0.575338
AHR	ELK4	-0.106401
ELK4	NFIC	0.116503
TEAD1	ZNF610	0.139005
NFYA	ZNF354C	0.0253887
HTLF	NFIC	-0.0179782
KLHL3	STAT2	0.530586
HTLF	ZNF585A	0.519247
BTBD15	TAF11	0.514415
RFP2	ZNF43	-0.00106242
GTF2E2	ZNF211	0.125245
ZFP1	ZNF717	-0.0320495
ZNF23	ZNF514	-0.0017463
ZFHX1B	ZNF43	0.459227
ZFHX1B	ZNF131	0.408823
PGBD1	ZNF717	-0.0765654
STAT2	TRIM26	-0.262134
TBX19	ZNF23	-0.000792453
ZBTB1	ZNF354C	-0.137394
HPCAL1	ZNF432	0.244394
ZNF263	ZNF471	-0.00196338
FOXF2	TCEAL1	-0.0221047
AHR	ZNF23	-0.226525
GTF2F1	ZNF432	0.573756
ZNF263	ZNF473	-0.0192983
FOXF2	ZNF717	0.397375
SATB1	ZNF23	-0.0191412
GTF2F1	YY1	0.629659
FOXF2	ZNF713	0.428902
FOSL2	GTF2E2	0.041956
TNRC5	YY1	0.126404
TRIM26	YY1	-0.242349
RFP2	ZNF30	0.349195
MAFK	ZNF496	-0.0732765
ZBTB1	ZNF816a	-0.00256647
KLHL3	ZNF688	0.286026
FOXF2	PGBD1	-0.0211664
STAT2	TRIM14	0.257826
TBX19	ZNF30	-0.00397134
HPCAL1	RFP2	-0.0251686
CBFA2T2	ZNF573	0.624403
GTF2E2	NFIC	0.0969332
MAFK	PGBD1	0.233252
PER3	ZNF496	0.112153
TRIM14	ZNF471	-0.116718
CNOT3	M-RIP	-0.0465834
TRIM14	ZNF473	-0.334151
RBBP5	ZNF816a	0.365138
CBX3	ZNF542	-0.310731
PKNOX1	RFP2	0.212484
CNOT3	HTLF	0.647685
ZNF471	ZNF777	0.426371
FOXF2	YY1	-0.00151218
MAFK	ZFHX1B	0.49698
ZNF227	ZNF688	0.553323
GTF2F1	TFDP2	-0.130414
CREB5	ZNF432	0.281453
STAT2	TNRC5	0.0264403
NFYA	ZNF688	-0.000844792
ZNF232	ZNF688	0.630557
TBX5	ZNF302	-0.109315
BTBD15	STAT2	0.129742
TBX19	ZNF91	0.491056
PGBD1	ZNF302	0.615634
ZFP1	ZNF767	-0.00142459
GTF2E2	MAFK	-0.272028
TBX5	ZNF717	0.00423172
NFIC	ZNF611	-0.00779887
ZNF471	ZNF767	0.593958
TBX5	ZNF713	0.123197
NFIC	ZNF610	-0.181999
BTBD15	ZNF432	0.55495
TCEAL1	ZNF91	0.391386
NFYA	SMARCA5	-0.000953138
ZNF585A	ZNF816a	-0.0657567
GTF2E2	ZNF611	-0.01189
CBFA2T2	ZFHX1B	0.416255
ZFHX1B	ZNF91	0.375984
FOXF2	NR2C2	-0.037934
PGBD1	TEAD1	0.234824
PGBD1	SMARCA5	0.633461
PGBD1	RBBP5	-0.00522574
ZNF302	ZNF585A	0.639826
CBX3	ZNF23	0.331943
CRSP9	ZNF713	0.378596
TBX19	ZNF83	0.315008
ZFHX1B	ZNF83	0.313506
BTBD15	ZNF420	0.69857
CRSP9	ZNF717	0.0719963
TRIM26	ZNF131	-0.179034
ZNF211	ZNF777	0.108846
BTBD15	SMARCA5	0.665208
RBBP5	SUPT4H1	0.503524
GTF2H1	TEAD1	-0.0813828
FOSL2	ZFHX1B	-0.0405486
HPCAL1	OPTN	0.17573
ZNF713	ZNF717	0.310852
HPCAL1	ZNF471	-0.0134306
TCEAL1	ZNF83	0.561215
NFYA	RFP2	0.0317584
GTF2H1	OPTN	-0.00736277
HPCAL1	ZNF473	-0.0436213
LDB1	TFDP2	0.131429
CBX3	PER3	0.421888
GTF2F1	ZNF473	-0.00113497
NR2C2	RBBP5	-0.0137632
TNRC5	ZNF131	0.188869
CBFA2T2	TBX5	-0.0257886
CBX3	ZNF514	-0.0180729
ZBTB1	ZNF131	0.380966
ZNF432	ZNF573	0.480316
ZNF211	ZNF767	0.362586
CBX3	ZNF30	0.332963
PKNOX1	SATB1	-0.173292
